timestamp,vehicle_id,vehicle_year,odometer_km,engine_hours,vehicle_speed_kph,engine_temp_c,engine_rpm,oil_pressure_psi,coolant_temp_c,fuel_level_percent,fuel_consumption_lph,engine_load_percent,throttle_position_percent,air_flow_rate_gps,exhaust_gas_temp_c,engine_vibration,brake_pad_wear_mm,brake_fluid_level,brake_temp_c,abs_fault_indicator,brake_pedal_position,wheel_speed_fl_kph,wheel_speed_fr_kph,wheel_speed_rl_kph,wheel_speed_rr_kph,battery_voltage_v,battery_current_a,battery_temp_c,alternator_output_v,battery_charge_percent,battery_health_percent,ambient_temp_c,humidity_percent,vehicle_state,failure_type
2026-09-17T17:33:37.564902,V003,2024,97178.02,3988.23,0.55,88.15,828.71,46.22,86.7,86.44,2.43,10,6.44,5.91,333.96,0.239,3.01,93.13,59.52,0,3.02,1.12,0.94,0.76,0.46,12.583,18.9,29.79,14.28,89.32,80.06,32.57,69.99,NORMAL,
2026-09-17T17:33:37.564902,V005,2023,45471.52,7797.96,0,94.9,758.19,48.2,87.74,71.52,2.29,10,12.95,2.74,347.6,0.39,4.37,94.49,53.81,0,4.73,0.25,0.5,0.53,0,12.654,10.12,24.35,14.46,98.45,86.81,33.61,55.28,NORMAL,
2026-09-17T17:33:37.564902,V009,2021,36644.79,1138.73,0,89.47,781.46,49.95,94.19,69.34,2.49,10,12.25,3.03,337.7,0.374,2.66,82.22,39.29,0,1.5,0,0.76,0.07,0,12.682,16.06,21.23,13.76,74.23,81.72,31.92,49.45,WARNING,battery
2026-09-17T17:33:37.564902,V010,2018,80379.21,3895.72,0,87.68,712.2,36.34,87.37,86.31,2.56,10,5.92,5.12,316.06,0.345,5.66,85.72,37.07,0,4.27,0,0.58,0,0.58,12.385,8.23,21.32,13.93,79.14,86.99,33.66,70.2,NORMAL,
2026-09-17T17:33:37.564902,V016,2020,68608.11,7526.19,0,92.69,877.28,48.62,93.23,54.2,2.68,10,5.56,6.34,314.02,0.766,3.3,79.74,37.36,0,3.69,0.16,0,0,0,12.449,12.13,26.94,14.34,84.64,81.22,26.34,73.82,NORMAL,
2026-09-17T17:33:42.704142,V004,2022,124608.72,5608.72,6.67,89.73,1028.96,43.63,91.03,97.33,1.9,10,13.12,5.25,315.83,0.308,4.73,89.34,56.12,0,0.29,7.51,7.17,7.45,5.86,12.507,8.82,25.55,14.34,87.04,91.26,23.2,64.08,NORMAL,
2026-09-17T17:33:42.704142,V009,2021,36644.79,1138.73,0,89.46,710.36,49.95,94.19,69.34,2.01,10,11.94,6.5,333.23,0.375,2.66,82.22,39.29,0,1.95,0.83,0.91,0,0.59,12.685,16.06,21.26,13.76,74.18,81.67,31.92,49.45,WARNING,battery
2026-09-17T17:33:42.704142,V010,2018,80379.21,3895.72,0,87.88,809.51,36.34,87.37,86.31,2.4,10,12.0,5.98,340.26,0.338,5.66,85.72,37.07,0,2.67,0,0,0.73,0,12.377,8.23,21.32,13.93,79.14,86.99,33.66,70.2,NORMAL,
2026-09-17T17:33:42.704142,V011,2020,129758.89,5595.33,9.92,86.75,1150.68,38.55,88.98,89.65,2.16,10.61,7.95,5.19,327.73,0.567,4.19,84.46,32.26,0,0.14,10.92,10.74,9.08,10.9,12.473,6.33,26.34,14.11,84.83,97.25,30.99,53.43,NORMAL,
2026-09-17T17:33:42.704142,V012,2022,74668.92,4352.02,0,94.87,827.66,47.38,90.67,96.2,2.21,10,7.4,3.79,334.77,0.481,2.43,97.09,36.33,0,1.25,0,0,0,0,12.653,9.57,22.4,14.43,99.3,79.81,21.69,61.82,WARNING,brake
2026-09-17T17:33:42.704142,V018,2024,141200.31,6911.62,8.09,85.71,1049.01,40.65,87.87,48.86,2.35,10,9.17,5.33,348.92,0.212,7.73,90.52,56.61,0,1.42,8.83,7.86,8.65,9.03,12.55,14.08,23.28,13.57,85.22,79.43,34.65,42.83,NORMAL,
2026-09-17T17:33:47.717118,V002,2022,39222.82,1789.23,0,93.94,805.49,45.78,87.88,84.42,2.15,10,13.95,4.07,339.44,0.268,6.53,90.01,37.52,0,4.64,0.68,0,0,0,12.828,6.21,21.15,13.63,89.96,84.35,27.16,78.91,NORMAL,
2026-09-17T17:33:47.717118,V008,2020,35108.86,2193.38,5.97,87.09,911.26,43.26,92.62,67.6,2.68,10,10.0,5.19,325.81,0.888,5.9,82.86,46.76,0,3.73,6.25,6.39,5.07,5.95,12.677,11.35,34.12,14.39,73.22,98.01,21.9,79.2,WARNING,battery
2026-09-17T17:33:47.717118,V009,2021,36644.79,1138.73,2.06,89.27,779.14,49.95,94.19,69.34,2.12,10,12.24,2.7,341.23,0.373,2.66,82.22,39.29,0,3.73,2.05,2.81,2.78,2.74,12.673,16.06,21.29,13.76,74.13,81.62,31.92,49.45,WARNING,battery
2026-09-17T17:33:47.717118,V020,2018,98969.72,1102.72,5.11,90.49,885.28,44.33,88.88,69.12,2.4,10,13.5,2.97,336.47,0.824,5.19,90.13,57.13,0,3.41,4.27,5.31,5.78,4.16,12.426,16.73,24.24,13.71,76.95,83.24,20.88,73.62,WARNING,engine
2026-09-17T17:33:52.731579,V001,2018,40877.14,7466.23,4.14,86.64,926.57,41.7,86.32,89.01,2.77,10,5.23,3.5,335.52,0.695,5.36,97.12,35.32,0,4.13,3.3,3.45,4.42,4.3,12.521,9.48,29.71,13.7,89.23,90.18,20.09,71.71,NORMAL,
2026-09-17T17:33:52.731579,V002,2022,39222.82,1789.23,0,94.12,768.27,45.78,87.88,84.42,1.93,10,6.95,5.86,341.45,0.261,6.53,90.01,37.52,0,2.53,0.07,0.26,0,0,12.809,6.21,21.15,13.63,89.96,84.35,27.16,78.91,NORMAL,
2026-09-17T17:33:52.731579,V014,2018,46547.74,5709.49,0,93.41,838.52,42.49,86.66,59.66,2.43,10,10.91,4.88,348.49,0.446,5.01,77.17,42.5,0,3.9,0.4,0.17,0.93,0,12.701,6.69,34.97,14.32,92.06,85.28,25.21,49.82,WARNING,brake
2026-09-17T17:33:37.564902,V001,2018,40877.14,7466.23,0,86.86,802.77,41.7,86.32,89.01,2.5,10,13.92,4.39,323.34,0.682,5.36,97.12,35.32,0,2.39,0,0.39,0.91,0,12.523,9.48,29.71,13.7,89.23,90.18,20.09,71.71,NORMAL,
2026-09-17T17:33:37.564902,V004,2022,124608.72,5608.72,0,89.51,724.18,43.63,91.03,97.33,2.7,10,5.89,2.61,321.63,0.288,4.73,89.34,56.12,0,0.63,0,0,0.66,0,12.525,8.82,25.55,14.34,87.04,91.26,23.2,64.08,NORMAL,
2026-09-17T17:33:37.564902,V006,2019,24258.21,7934.72,3.97,85.17,875.2,49.36,90.48,83.44,1.93,10,14.04,3.35,322.99,0.856,7.44,92.48,57.39,0,2.84,3.98,4.72,4.51,3.3,12.657,7.79,32.53,13.97,93.01,86.79,26.44,58.95,NORMAL,
2026-09-17T17:33:37.564902,V007,2024,91529.79,7829.59,9.88,93.92,1121.23,45.68,86.16,55.77,2.77,10,8.92,2.89,342.67,0.8,4.28,76.95,57.41,0,3.74,9.87,9.1,9.66,10.88,12.768,19.96,31.58,13.82,87.61,80.77,21.83,68.69,WARNING,engine
2026-09-17T17:33:37.564902,V011,2020,129758.89,5595.33,0.21,86.94,735.68,38.55,88.98,89.65,1.82,10,8.51,2.82,314.9,0.567,4.19,84.46,32.26,0,2.47,0.14,0,0.52,0.85,12.464,6.33,26.34,14.11,84.83,97.25,30.99,53.43,NORMAL,
2026-09-17T17:33:37.564902,V013,2024,129930.03,1523.73,6.2,88.6,977.63,42.73,86.82,52.69,2.71,10,12.51,5.0,327.12,0.978,5.2,83.89,56.72,0,0.49,7.11,5.95,6.83,6.81,12.792,7.17,26.77,14.31,82.9,84.74,22.43,45.17,NORMAL,
2026-09-17T17:33:37.564902,V017,2020,94326.1,2221.24,6.79,91.67,1011.89,41.66,94.15,76.19,2.18,10,9.06,3.62,343.82,0.847,6.43,74.8,48.01,0,1.38,6.65,7.27,6.39,6.97,12.753,6.91,31.51,13.6,88.03,88.29,23.35,46.81,NORMAL,
2026-09-17T17:33:37.564902,V018,2024,141200.31,6911.62,0,85.53,751.68,40.65,87.87,48.86,2.52,10,14.45,4.43,320.94,0.208,7.73,90.52,56.61,0,4.85,0,0,0,0,12.543,14.08,23.28,13.57,85.22,79.43,34.65,42.83,NORMAL,
2026-09-17T17:33:42.704142,V002,2022,39222.82,1789.23,4.28,93.82,958.48,45.78,87.88,84.42,2.38,10,5.52,3.23,332.77,0.257,6.53,90.01,37.52,0,0.44,3.53,5.14,3.34,3.97,12.821,6.21,21.15,13.63,89.96,84.35,27.16,78.91,NORMAL,
2026-09-17T17:33:42.704142,V003,2024,97178.02,3988.23,8.6,87.98,1046.29,46.22,86.7,86.44,2.03,10,6.22,5.98,327.27,0.222,3.01,93.13,59.52,0,1.99,8.69,9.07,8.63,8.58,12.597,18.9,29.79,14.28,89.32,80.06,32.57,69.99,NORMAL,
2026-09-17T17:33:42.704142,V013,2024,129930.03,1523.73,0,88.86,807.13,42.73,86.82,52.69,2.46,10,13.69,6.01,331.01,0.979,5.2,83.89,56.72,0,4.02,0,0.59,0.69,0.21,12.795,7.17,26.77,14.31,82.9,84.74,22.43,45.17,NORMAL,
2026-09-17T17:33:42.704142,V014,2018,46547.74,5709.49,0,93.6,855.54,42.49,86.66,59.66,2.27,10,11.86,4.21,331.32,0.44,4.99,77.23,42.2,0,1.64,0,0.53,0.9,0,12.705,6.69,34.97,14.32,92.06,85.28,25.21,49.82,WARNING,brake
2026-09-17T17:33:42.704142,V016,2020,68608.11,7526.19,0,92.7,747.97,48.62,93.23,54.2,2.45,10,11.16,6.31,343.5,0.764,3.3,79.74,37.36,0,1.95,0,0,0,0,12.443,12.13,26.94,14.34,84.64,81.22,26.34,73.82,NORMAL,
2026-09-17T17:33:42.704142,V017,2020,94326.11,2221.24,12.72,91.8,1256.87,41.66,94.15,76.19,2.74,10,10.55,3.6,345.27,0.833,6.43,74.8,48.01,0,3.84,12.36,12.59,13.69,13.29,12.754,6.91,31.51,13.6,88.03,88.29,23.35,46.81,NORMAL,
2026-09-17T17:33:42.704142,V019,2021,72556.91,6931.15,0,93.77,743.38,36.57,90.19,47.41,2.56,10,13.23,5.95,315.43,0.54,7.56,87.5,45.42,0,4.94,0,0,0.18,0.95,12.447,13.31,23.93,13.63,88.86,98.07,25.77,54.21,NORMAL,
2026-09-17T17:33:42.704142,V020,2018,98969.72,1102.72,0,90.07,809.19,44.38,88.76,69.12,2.78,10,13.77,4.22,340.12,0.83,5.19,90.13,57.13,0,0.42,0,0,0.25,0,12.43,16.73,24.24,13.71,76.95,83.24,20.88,73.62,WARNING,engine
2026-09-17T17:33:47.717118,V001,2018,40877.14,7466.23,0,86.83,887.75,41.7,86.32,89.01,2.72,10,11.12,5.24,341.89,0.7,5.36,97.12,35.32,0,0.18,0.15,0.1,0,0.98,12.518,9.48,29.71,13.7,89.23,90.18,20.09,71.71,NORMAL,
2026-09-17T17:33:47.717118,V003,2024,97178.02,3988.23,5.19,88.24,980.52,46.22,86.7,86.44,2.49,10,7.4,5.16,332.9,0.235,3.01,93.13,59.52,0,1.66,4.22,4.22,4.69,4.47,12.599,18.9,29.79,14.28,89.32,80.06,32.57,69.99,NORMAL,
2026-09-17T17:33:47.717118,V004,2022,124608.72,5608.72,8.99,89.9,1070.64,43.63,91.03,97.33,1.96,11.1,10.87,4.33,342.32,0.324,4.73,89.34,56.12,0,1.27,9.96,8.32,8.38,8.54,12.517,8.82,25.55,14.34,87.04,91.26,23.2,64.08,NORMAL,
2026-09-17T17:33:47.717118,V005,2023,45471.52,7797.96,12.65,94.58,1172.89,48.2,87.74,71.52,2.1,10,7.99,4.82,340.0,0.381,4.37,94.49,53.81,0,4.5,11.92,12.86,12.76,13.65,12.659,10.12,24.35,14.46,98.45,86.81,33.61,55.28,NORMAL,
2026-09-17T17:33:47.717118,V007,2024,91529.79,7829.59,0,94.42,711.93,45.58,86.4,55.77,2.79,10,13.82,4.63,310.23,0.83,4.28,76.95,57.41,0,0.33,0.38,0.82,0,0.3,12.757,19.96,31.58,13.82,87.61,80.77,21.83,68.69,WARNING,engine
2026-09-17T17:33:47.717118,V010,2018,80379.21,3895.72,2.58,87.83,820.25,36.34,87.37,86.31,2.24,10,11.71,5.93,326.14,0.353,5.66,85.72,37.07,0,4.88,1.85,1.91,2.2,3.14,12.388,8.23,21.32,13.93,79.14,86.99,33.66,70.2,NORMAL,
2026-09-17T17:33:47.717118,V011,2020,129758.89,5595.33,4.37,86.45,914.87,38.55,88.98,89.65,2.31,10,8.15,4.84,334.26,0.567,4.19,84.46,32.26,0,3.97,4.5,4.0,4.76,4.51,12.484,6.33,26.34,14.11,84.83,97.25,30.99,53.43,NORMAL,
2026-09-17T17:33:47.717118,V016,2020,68608.11,7526.19,0,92.74,836.38,48.62,93.23,54.2,2.14,10,7.73,6.02,319.49,0.751,3.3,79.74,37.36,0,2.09,0.65,0,0,0,12.46,12.13,26.94,14.34,84.64,81.22,26.34,73.82,NORMAL,
2026-09-17T17:33:47.717118,V018,2024,141200.31,6911.62,12.56,85.42,1087.13,40.65,87.87,48.86,2.08,10,13.61,5.09,335.47,0.228,7.73,90.52,56.61,0,0.43,11.84,12.76,12.58,12.43,12.568,14.08,23.28,13.57,85.22,79.43,34.65,42.83,NORMAL,
2026-09-17T17:33:47.717118,V019,2021,72556.91,6931.15,8.82,94.03,1094.88,36.57,90.19,47.41,2.48,10,10.55,2.99,321.73,0.529,7.56,87.5,45.42,0,2.76,8.51,9.78,9.23,9.24,12.452,13.31,23.93,13.63,88.86,98.07,25.77,54.21,NORMAL,
2026-09-17T17:33:52.731579,V004,2022,124608.72,5608.72,9.75,89.73,1046.47,43.63,91.03,97.33,2.55,10,5.67,4.05,315.43,0.321,4.73,89.34,56.12,0,3.12,8.94,10.42,9.39,8.88,12.504,8.82,25.55,14.34,87.04,91.26,23.2,64.08,NORMAL,
2026-09-17T17:33:52.731579,V005,2023,45471.53,7797.97,10.87,94.7,1184.04,48.2,87.74,71.52,2.37,10,14.98,4.15,329.9,0.393,4.37,94.49,53.81,0,1.86,11.22,10.07,11.86,10.94,12.662,10.12,24.35,14.46,98.45,86.81,33.61,55.28,NORMAL,
2026-09-17T17:33:52.731579,V006,2019,24258.21,7934.72,0.37,85.04,727.3,49.36,90.48,83.44,1.93,10,5.36,5.61,326.35,0.839,7.44,92.48,57.39,0,0.38,0.18,1.06,1.03,0.97,12.647,7.79,32.53,13.97,93.01,86.79,26.44,58.95,NORMAL,
2026-09-17T17:33:52.731579,V007,2024,91529.79,7829.59,0.0,94.28,736.29,45.53,86.52,55.77,2.26,10,10.72,5.63,330.58,0.832,4.28,76.95,57.41,0,0.8,0,0,0,0.02,12.77,19.96,31.58,13.82,87.61,80.77,21.83,68.69,WARNING,engine
2026-09-17T17:33:52.731579,V009,2021,36644.79,1138.73,11.41,89.33,1189.52,49.95,94.19,69.34,2.18,10,10.64,4.41,321.86,0.389,2.66,82.22,39.29,0,1.95,11.68,11.19,11.97,11.58,12.661,16.06,21.32,13.76,74.08,81.57,31.92,49.45,WARNING,battery
2026-09-17T17:33:52.731579,V010,2018,80379.21,3895.72,0,87.67,761.53,36.34,87.37,86.31,1.94,10,9.93,4.6,320.4,0.335,5.66,85.72,37.07,0,3.03,0,0.66,0,0,12.396,8.23,21.32,13.93,79.14,86.99,33.66,70.2,NORMAL,
2026-09-17T17:33:52.731579,V011,2020,129758.89,5595.33,2.76,86.46,807.43,38.55,88.98,89.65,2.2,10,11.32,5.13,342.83,0.557,4.19,84.46,32.26,0,0.44,3.55,1.91,3.16,3.21,12.477,6.33,26.34,14.11,84.83,97.25,30.99,53.43,NORMAL,
2026-09-17T17:33:52.731579,V012,2022,74668.92,4352.02,0,94.87,843.41,47.38,90.67,96.2,2.58,10,7.45,5.17,346.89,0.478,2.45,97.03,36.63,0,0.7,0.47,0,0.89,0.25,12.639,9.57,22.4,14.43,99.3,79.81,21.69,61.82,WARNING,brake
2026-09-17T17:33:52.731579,V013,2024,129930.03,1523.73,2.35,88.84,885.87,42.73,86.82,52.69,2.04,10,12.32,6.13,345.03,0.96,5.2,83.89,56.72,0,4.48,1.36,1.35,1.38,2.17,12.78,7.17,26.77,14.31,82.9,84.74,22.43,45.17,NORMAL,
2026-09-17T17:33:52.731579,V017,2020,94326.11,2221.24,2.68,91.78,834.99,41.66,94.15,76.19,1.97,10,5.55,6.11,346.64,0.832,6.43,74.8,48.01,0,4.1,1.77,2.66,2.5,3.46,12.733,6.91,31.51,13.6,88.03,88.29,23.35,46.81,NORMAL,
2026-09-17T17:33:52.731579,V018,2024,141200.31,6911.62,5.94,85.29,1064.7,40.65,87.87,48.86,2.54,10,5.9,2.96,330.43,0.235,7.73,90.52,56.61,0,1.95,5.23,6.43,6.41,5.3,12.564,14.08,23.28,13.57,85.22,79.43,34.65,42.83,NORMAL,
2026-09-17T17:33:37.564902,V002,2022,39222.82,1789.23,1.11,93.55,864.34,45.78,87.88,84.42,1.86,10,6.28,3.54,327.01,0.258,6.53,90.01,37.52,0,2.22,1.23,0.19,1.7,1.83,12.809,6.21,21.15,13.63,89.96,84.35,27.16,78.91,NORMAL,
2026-09-17T17:33:37.564902,V008,2020,35108.86,2193.38,0.95,87.1,871.84,43.26,92.62,67.6,2.34,10,11.47,6.02,316.05,0.893,5.9,82.86,46.76,0,4.95,1.1,1.34,0.56,0.61,12.677,11.35,34.06,14.39,73.32,98.11,21.9,79.2,WARNING,battery
2026-09-17T17:33:37.564902,V012,2022,74668.92,4352.02,0,94.94,754.0,47.38,90.67,96.2,2.3,10,14.5,4.55,327.59,0.482,2.42,97.12,36.18,0,3.41,0,0.86,0.14,0.28,12.667,9.57,22.4,14.43,99.3,79.81,21.69,61.82,WARNING,brake
2026-09-17T17:33:37.564902,V014,2018,46547.74,5709.49,0,93.57,865.12,42.49,86.66,59.66,2.79,10,10.62,4.18,332.3,0.427,4.98,77.26,42.05,0,2.55,0.73,0,0,0,12.707,6.69,34.97,14.32,92.06,85.28,25.21,49.82,WARNING,brake
2026-09-17T17:33:37.564902,V015,2018,131266.21,1488.17,0.21,87.46,857.77,49.59,88.61,44.67,2.19,10,8.27,5.47,318.09,0.411,7.3,93.74,53.75,0,3.01,0,0.91,0,0,12.643,6.69,33.97,13.69,76.8,92.65,25.13,55.9,NORMAL,
2026-09-17T17:33:37.564902,V019,2021,72556.91,6931.15,0,93.98,757.99,36.57,90.19,47.41,2.13,10,7.09,5.25,345.87,0.531,7.56,87.5,45.42,0,2.39,0.88,0,0.07,0,12.449,13.31,23.93,13.63,88.86,98.07,25.77,54.21,NORMAL,
2026-09-17T17:33:37.564902,V020,2018,98969.72,1102.72,0,90.0,770.96,44.43,88.64,69.12,2.08,10,12.22,4.09,310.63,0.837,5.19,90.13,57.13,0,0.95,0,0,0.04,0.45,12.418,16.73,24.24,13.71,76.95,83.24,20.88,73.62,WARNING,engine
2026-09-17T17:33:42.704142,V001,2018,40877.14,7466.23,0.7,86.86,797.56,41.7,86.32,89.01,2.68,10.36,12.19,2.82,349.89,0.692,5.36,97.12,35.32,0,3.6,0.41,1.64,0.54,0.84,12.525,9.48,29.71,13.7,89.23,90.18,20.09,71.71,NORMAL,
2026-09-17T17:33:42.704142,V005,2023,45471.52,7797.96,6.92,94.62,1014.65,48.2,87.74,71.52,2.71,10,14.87,4.76,323.08,0.382,4.37,94.49,53.81,0,1.45,6.23,7.88,6.14,5.92,12.644,10.12,24.35,14.46,98.45,86.81,33.61,55.28,NORMAL,
2026-09-17T17:33:42.704142,V006,2019,24258.21,7934.72,0,84.98,850.04,49.36,90.48,83.44,2.48,10,8.83,3.78,336.44,0.843,7.44,92.48,57.39,0,1.4,0,0.22,0.35,0,12.645,7.79,32.53,13.97,93.01,86.79,26.44,58.95,NORMAL,
2026-09-17T17:33:42.704142,V007,2024,91529.79,7829.59,8.35,94.33,982.74,45.63,86.28,55.77,2.32,10,6.08,4.51,326.84,0.807,4.28,76.95,57.41,0,0.74,7.47,8.47,8.49,9.2,12.775,19.96,31.58,13.82,87.61,80.77,21.83,68.69,WARNING,engine
2026-09-17T17:33:42.704142,V008,2020,35108.86,2193.38,9.95,86.98,1192.35,43.26,92.62,67.6,2.86,11.16,8.49,6.42,344.58,0.899,5.9,82.86,46.76,0,0.31,10.61,9.5,10.86,10.75,12.679,11.35,34.09,14.39,73.27,98.06,21.9,79.2,WARNING,battery
2026-09-17T17:33:42.704142,V015,2018,131266.21,1488.17,0,87.61,857.17,49.59,88.61,44.67,2.13,10,14.49,3.96,310.47,0.402,7.3,93.74,53.75,0,4.47,0.51,0.49,0,0.6,12.66,6.69,33.97,13.69,76.8,92.65,25.13,55.9,NORMAL,
2026-09-17T17:33:47.717118,V006,2019,24258.21,7934.72,0,84.86,781.32,49.36,90.48,83.44,2.57,10,10.42,5.25,334.13,0.859,7.44,92.48,57.39,0,4.43,0.1,0,0,0,12.639,7.79,32.53,13.97,93.01,86.79,26.44,58.95,NORMAL,
2026-09-17T17:33:47.717118,V012,2022,74668.92,4352.02,0,95.04,796.6,47.38,90.67,96.2,2.77,10,12.28,6.01,344.97,0.48,2.44,97.06,36.48,0,0.44,0.42,0,0.97,0,12.633,9.57,22.4,14.43,99.3,79.81,21.69,61.82,WARNING,brake
2026-09-17T17:33:47.717118,V013,2024,129930.03,1523.73,0,88.85,820.96,42.73,86.82,52.69,1.89,10,6.72,3.24,322.82,0.977,5.2,83.89,56.72,0,4.94,0.74,0.91,0.63,0,12.8,7.17,26.77,14.31,82.9,84.74,22.43,45.17,NORMAL,
2026-09-17T17:33:47.717118,V014,2018,46547.74,5709.49,0,93.48,869.73,42.49,86.66,59.66,2.33,10,5.43,3.54,331.59,0.444,5.0,77.2,42.35,0,2.74,0.01,0,0,0,12.689,6.69,34.97,14.32,92.06,85.28,25.21,49.82,WARNING,brake
2026-09-17T17:33:47.717118,V015,2018,131266.21,1488.17,0,87.78,705.61,49.59,88.61,44.67,2.14,10,10.54,3.78,325.01,0.4,7.3,93.74,53.75,0,3.87,0,0,0.29,0,12.673,6.69,33.97,13.69,76.8,92.65,25.13,55.9,NORMAL,
2026-09-17T17:33:47.717118,V017,2020,94326.11,2221.24,4.68,92.08,979.84,41.66,94.15,76.19,1.89,10,5.68,3.27,330.88,0.839,6.43,74.8,48.01,0,3.15,5.35,4.23,3.99,4.96,12.736,6.91,31.51,13.6,88.03,88.29,23.35,46.81,NORMAL,
2026-09-17T17:33:52.731579,V003,2024,97178.02,3988.23,8.62,88.5,1118.93,46.22,86.7,86.44,2.41,10,14.94,4.65,311.85,0.229,3.01,93.13,59.52,0,1.69,7.66,8.41,9.56,8.61,12.583,18.9,29.79,14.28,89.32,80.06,32.57,69.99,NORMAL,
2026-09-17T17:33:52.731579,V008,2020,35108.86,2193.38,1.36,87.23,888.25,43.26,92.62,67.6,2.54,10,14.41,6.33,321.12,0.908,5.9,82.86,46.76,0,0.39,2.23,0.75,1.53,0.43,12.693,11.35,34.15,14.39,73.17,97.96,21.9,79.2,WARNING,battery
2026-09-17T17:33:52.731579,V015,2018,131266.21,1488.17,0,87.83,835.69,49.59,88.61,44.67,2.72,10,13.73,2.71,336.77,0.388,7.3,93.74,53.75,0,1.87,0.02,0.27,0.61,0,12.666,6.69,33.97,13.69,76.8,92.65,25.13,55.9,NORMAL,
2026-09-17T17:33:52.731579,V016,2020,68608.11,7526.19,0,92.77,801.64,48.62,93.23,54.2,1.97,10,14.45,6.39,318.57,0.738,3.3,79.74,37.36,0,1.86,0.3,0.31,0,0.61,12.473,12.13,26.94,14.34,84.64,81.22,26.34,73.82,NORMAL,
2026-09-17T17:33:52.731579,V019,2021,72556.91,6931.15,3.24,93.76,798.32,36.57,90.19,47.41,1.98,10,7.11,3.56,333.87,0.531,7.56,87.5,45.42,0,1.63,3.92,3.89,2.55,2.66,12.454,13.31,23.93,13.63,88.86,98.07,25.77,54.21,NORMAL,
2026-09-17T17:33:52.731579,V020,2018,98969.72,1102.72,8.68,90.89,1127.89,44.28,89.0,69.12,2.62,13.19,14.77,3.89,323.87,0.828,5.19,90.13,57.13,0,2.67,9.63,7.79,8.71,8.68,12.432,16.73,24.24,13.71,76.95,83.24,20.88,73.62,WARNING,engine
2026-09-17T17:33:57.747217,V001,2018,40877.14,7466.23,12.12,86.38,1067.6,41.7,86.32,89.01,2.24,10,12.92,2.96,324.04,0.701,5.36,97.12,35.32,0,0.7,12.31,12.44,12.03,11.38,12.504,9.48,29.71,13.7,89.23,90.18,20.09,71.71,NORMAL,
2026-09-17T17:33:57.747217,V003,2024,97178.03,3988.23,14.16,88.3,1195.94,46.22,86.7,86.44,2.22,10,10.1,4.23,340.37,0.246,3.01,93.13,59.52,0,0.73,15.09,14.45,13.34,13.98,12.586,18.9,29.79,14.28,89.32,80.06,32.57,69.99,NORMAL,
2026-09-17T17:33:57.747217,V002,2022,39222.82,1789.23,0.4,93.87,779.04,45.78,87.88,84.42,2.05,10,9.8,5.39,341.51,0.268,6.53,90.01,37.52,0,4.06,1.4,0,0,0.66,12.813,6.21,21.15,13.63,89.96,84.35,27.16,78.91,NORMAL,
2026-09-17T17:33:57.747217,V004,2022,124608.73,5608.72,19.21,90.02,1473.89,43.63,91.03,97.33,2.72,18.19,22.21,5.82,373.66,0.314,4.73,89.34,56.12,0,1.8,19.4,18.63,19.87,19.15,12.486,8.82,25.55,14.34,87.04,91.26,23.2,64.08,NORMAL,
2026-09-17T17:33:57.747217,V005,2023,45471.53,7797.97,9.05,94.68,1092.15,48.2,87.74,71.52,2.62,10,10.17,3.13,331.66,0.377,4.37,94.49,53.81,0,1.48,8.33,8.79,8.97,9.45,12.669,10.12,24.35,14.46,98.45,86.81,33.61,55.28,NORMAL,
2026-09-17T17:33:57.747217,V006,2019,24258.21,7934.72,9.51,84.94,1145.42,49.36,90.48,83.44,2.44,14.42,15.04,5.57,331.46,0.829,7.44,92.48,57.39,0,3.85,9.52,8.67,9.26,10.0,12.637,7.79,32.53,13.97,93.01,86.79,26.44,58.95,NORMAL,
2026-09-17T17:33:57.747217,V009,2021,36644.8,1138.73,11.84,89.29,1206.03,49.95,94.19,69.34,2.66,10,8.66,2.84,314.53,0.403,2.66,82.22,39.29,0,4.19,12.83,11.35,11.35,11.15,12.648,16.06,21.35,13.76,74.03,81.52,31.92,49.45,WARNING,battery
2026-09-17T17:33:57.747217,V007,2024,91529.8,7829.59,5.85,94.28,1002.57,45.48,86.64,55.77,1.8,10,10.39,3.1,322.74,0.837,4.28,76.95,57.41,0,2.45,6.36,6.15,4.96,6.79,12.771,19.96,31.58,13.82,87.61,80.77,21.83,68.69,WARNING,engine
2026-09-17T17:33:57.747217,V008,2020,35108.86,2193.38,6.09,87.04,1037.65,43.26,92.62,67.6,2.68,10,12.2,3.27,338.92,0.903,5.9,82.86,46.76,0,2.73,6.25,6.09,5.6,6.29,12.7,11.35,34.18,14.39,73.12,97.91,21.9,79.2,WARNING,battery
2026-09-17T17:33:57.747217,V012,2022,74668.93,4352.02,5.5,94.73,949.4,47.38,90.67,96.2,2.13,12.48,14.82,6.3,328.25,0.493,2.46,97.0,36.78,0,4.66,5.78,4.96,5.58,6.11,12.64,9.57,22.4,14.43,99.3,79.81,21.69,61.82,WARNING,brake
2026-09-17T17:33:57.747217,V010,2018,80379.21,3895.72,0,87.69,740.6,36.34,87.37,86.31,2.76,10,7.63,4.27,344.39,0.341,5.66,85.72,37.07,0,0.08,0.56,0,0,0,12.409,8.23,21.32,13.93,79.14,86.99,33.66,70.2,NORMAL,
2026-09-17T17:33:57.747217,V011,2020,129758.89,5595.33,6.46,86.38,931.36,38.55,88.98,89.65,2.07,10,11.37,2.96,338.57,0.563,4.19,84.46,32.26,0,3.05,5.64,6.91,6.99,7.06,12.468,6.33,26.34,14.11,84.83,97.25,30.99,53.43,NORMAL,
2026-09-17T17:33:57.747217,V014,2018,46547.74,5709.49,0,93.65,842.81,42.49,86.66,59.66,2.16,10,7.43,5.55,325.17,0.437,5.02,77.14,42.65,0,1.56,0,0,0,0.12,12.687,6.69,34.97,14.32,92.06,85.28,25.21,49.82,WARNING,brake
2026-09-17T17:33:57.747217,V015,2018,131266.21,1488.17,0,87.66,846.3,49.59,88.61,44.67,2.28,10,6.93,6.32,336.7,0.378,7.3,93.74,53.75,0,0.25,0,0.63,0,0.26,12.667,6.69,33.97,13.69,76.8,92.65,25.13,55.9,NORMAL,
2026-09-17T17:33:57.747217,V020,2018,98969.72,1102.72,18.03,90.76,1324.0,44.23,89.12,69.12,1.87,10,13.92,5.67,324.17,0.847,5.19,90.13,57.13,0,2.99,17.26,18.24,18.1,18.09,12.429,16.73,24.24,13.71,76.95,83.24,20.88,73.62,WARNING,engine
2026-09-17T17:33:57.747217,V013,2024,129930.03,1523.73,6.49,88.99,898.77,42.73,86.82,52.69,2.76,10,7.67,3.0,345.98,0.958,5.2,83.89,56.72,0,1.56,6.16,7.07,5.92,6.46,12.795,7.17,26.77,14.31,82.9,84.74,22.43,45.17,NORMAL,
2026-09-17T17:33:57.747217,V016,2020,68608.11,7526.19,0,92.56,825.94,48.62,93.23,54.2,1.82,10,5.18,6.48,344.52,0.754,3.3,79.74,37.36,0,4.76,0.27,0.84,0.47,0.2,12.473,12.13,26.94,14.34,84.64,81.22,26.34,73.82,NORMAL,
2026-09-17T17:33:57.747217,V017,2020,94326.11,2221.24,7.13,91.72,1042.47,41.66,94.15,76.19,2.38,10,5.48,5.28,338.4,0.838,6.43,74.8,48.01,0,1.42,7.81,7.64,6.19,7.66,12.739,6.91,31.51,13.6,88.03,88.29,23.35,46.81,NORMAL,
2026-09-17T17:33:57.747217,V019,2021,72556.91,6931.15,0,93.68,803.43,36.57,90.19,47.41,2.57,10,9.54,3.62,310.47,0.545,7.56,87.5,45.42,0,2.95,0,0.21,0,0,12.46,13.31,23.93,13.63,88.86,98.07,25.77,54.21,NORMAL,
2026-09-17T17:33:57.747217,V018,2024,141200.31,6911.62,0,85.59,834.39,40.65,87.87,48.86,2.69,10,12.95,5.52,313.0,0.217,7.73,90.52,56.61,0,4.98,0.65,0,0.43,0,12.569,14.08,23.28,13.57,85.22,79.43,34.65,42.83,NORMAL,
2026-09-17T17:34:02.765339,V002,2022,39222.82,1789.23,8.42,94.15,1032.32,45.78,87.88,84.42,1.95,11.48,13.68,5.29,349.49,0.273,6.53,90.01,37.52,0,1.13,8.29,7.7,7.72,8.33,12.809,6.21,21.15,13.63,89.96,84.35,27.16,78.91,NORMAL,
2026-09-17T17:34:02.765339,V001,2018,40877.14,7466.23,4.6,86.54,943.96,41.7,86.32,89.01,2.37,10,7.42,4.18,330.6,0.708,5.36,97.12,35.32,0,2.18,4.17,4.57,3.98,4.72,12.497,9.48,29.71,13.7,89.23,90.18,20.09,71.71,NORMAL,
2026-09-17T17:34:02.765339,V003,2024,97178.03,3988.23,5.92,88.44,1037.08,46.22,86.7,86.44,2.31,10,6.45,6.03,325.2,0.263,3.01,93.13,59.52,0,1.14,6.1,5.19,6.68,6.56,12.578,18.9,29.79,14.28,89.32,80.06,32.57,69.99,NORMAL,
2026-09-17T17:34:02.765339,V004,2022,124608.74,5608.72,20.96,89.79,1491.28,43.63,91.03,97.33,3.01,13.5,16.27,4.15,332.33,0.327,4.73,89.34,56.12,0,4.26,20.98,21.66,20.64,20.72,12.466,8.82,25.55,14.34,87.04,91.26,23.2,64.08,NORMAL,
2026-09-17T17:34:02.765339,V007,2024,91529.8,7829.59,2.45,94.28,959.01,45.43,86.76,55.77,2.32,10.26,14.93,3.06,341.18,0.834,4.28,76.95,57.41,0,1.82,2.5,2.73,2.35,2.32,12.755,19.96,31.58,13.82,87.61,80.77,21.83,68.69,WARNING,engine
2026-09-17T17:34:02.765339,V006,2019,24258.21,7934.72,15.82,84.89,1185.32,49.36,90.48,83.44,1.82,10,8.67,4.74,310.62,0.81,7.44,92.48,57.39,0,2.08,15.3,15.96,16.09,15.1,12.633,7.79,32.53,13.97,93.01,86.79,26.44,58.95,NORMAL,
2026-09-17T17:34:02.765339,V005,2023,45471.53,7797.97,9.25,94.96,1080.41,48.2,87.74,71.52,2.05,10,5.07,4.39,316.16,0.375,4.37,94.49,53.81,0,3.28,9.47,8.76,8.51,8.59,12.65,10.12,24.35,14.46,98.45,86.81,33.61,55.28,NORMAL,
2026-09-17T17:34:02.765339,V008,2020,35108.86,2193.38,1.23,86.98,740.56,43.26,92.62,67.6,1.99,10,7.69,3.88,324.01,0.916,5.9,82.86,46.76,0,3.1,0.74,2.0,0.91,0.91,12.71,11.35,34.21,14.39,73.07,97.86,21.9,79.2,WARNING,battery
2026-09-17T17:34:02.765339,V013,2024,129930.03,1523.73,7.24,88.86,1010.36,42.73,86.82,52.69,2.37,10,11.33,5.22,324.4,0.962,5.2,83.89,56.72,0,4.89,6.63,7.5,7.85,6.69,12.812,7.17,26.77,14.31,82.9,84.74,22.43,45.17,NORMAL,
2026-09-17T17:34:02.765339,V015,2018,131266.21,1488.17,0,87.58,830.34,49.59,88.61,44.67,2.79,10,9.16,4.48,349.53,0.388,7.3,93.74,53.75,0,3.34,0.87,0,0,0.93,12.682,6.69,33.97,13.69,76.8,92.65,25.13,55.9,NORMAL,
2026-09-17T17:34:02.765339,V018,2024,141200.31,6911.62,0,85.87,724.67,40.65,87.87,48.86,1.84,10,5.02,2.68,348.72,0.234,7.73,90.52,56.61,0,4.56,0.09,0,0.47,0.03,12.564,14.08,23.28,13.57,85.22,79.43,34.65,42.83,NORMAL,
2026-09-17T17:34:02.765339,V019,2021,72556.91,6931.15,1.1,93.79,755.85,36.57,90.19,47.41,2.66,10,10.67,3.71,327.21,0.559,7.56,87.5,45.42,0,1.47,1.15,0.64,0.11,0.8,12.459,13.31,23.93,13.63,88.86,98.07,25.77,54.21,NORMAL,
2026-09-17T17:34:02.765339,V020,2018,98969.73,1102.72,18.57,90.7,1450.86,44.18,89.24,69.12,1.84,10,5.25,4.63,315.88,0.875,5.19,90.13,57.13,0,0.65,18.19,18.78,17.59,17.8,12.421,16.73,24.24,13.71,76.95,83.24,20.88,73.62,WARNING,engine
2026-09-17T17:34:02.765339,V011,2020,129758.9,5595.33,12.16,86.53,1104.35,38.55,88.98,89.65,2.12,10,14.84,6.04,315.34,0.546,4.19,84.46,32.26,0,3.07,12.83,11.82,11.65,11.46,12.462,6.33,26.34,14.11,84.83,97.25,30.99,53.43,NORMAL,
2026-09-17T17:34:02.765339,V012,2022,74668.93,4352.02,5.34,94.54,921.15,47.38,90.67,96.2,2.1,10,9.04,2.75,310.36,0.499,2.47,96.97,36.93,0,1.12,4.55,5.81,6.27,4.48,12.649,9.57,22.4,14.43,99.3,79.81,21.69,61.82,WARNING,brake
2026-09-17T17:34:02.765339,V016,2020,68608.11,7526.19,0,92.73,753.72,48.62,93.23,54.2,2.48,10,13.32,3.22,342.49,0.748,3.3,79.74,37.36,0,2.01,0.51,0.44,0,0,12.481,12.13,26.94,14.34,84.64,81.22,26.34,73.82,NORMAL,
2026-09-17T17:34:02.765339,V017,2020,94326.11,2221.24,4.55,91.6,913.54,41.66,94.15,76.19,2.38,10,10.75,4.58,331.24,0.856,6.43,74.8,48.01,0,4.84,5.38,5.16,4.66,5.44,12.741,6.91,31.51,13.6,88.03,88.29,23.35,46.81,NORMAL,
2026-09-17T17:34:02.765339,V009,2021,36644.8,1138.73,18.94,89.12,1372.14,49.95,94.19,69.34,2.67,13.07,9.55,3.82,336.12,0.397,2.66,82.22,39.29,0,0.97,19.3,18.19,18.28,19.91,12.659,16.06,21.38,13.76,73.98,81.47,31.92,49.45,WARNING,battery
2026-09-17T17:34:02.765339,V010,2018,80379.21,3895.72,0,87.98,723.16,36.34,87.37,86.31,2.64,10,9.6,6.18,349.29,0.354,5.66,85.72,37.07,0,1.21,0,0,0,0,12.427,8.23,21.32,13.93,79.14,86.99,33.66,70.2,NORMAL,
2026-09-17T17:34:02.765339,V014,2018,46547.74,5709.49,5.61,93.4,943.68,42.49,86.66,59.66,2.36,10,9.93,3.08,311.06,0.448,5.03,77.11,42.8,0,2.49,6.6,6.44,6.51,4.77,12.672,6.69,34.97,14.32,92.06,85.28,25.21,49.82,WARNING,brake
2026-09-17T17:34:07.778823,V001,2018,40877.15,7466.23,8.4,86.61,962.42,41.7,86.32,89.01,2.15,10,5.14,6.06,314.82,0.722,5.36,97.12,35.32,0,1.9,9.24,8.3,8.41,8.67,12.484,9.48,29.71,13.7,89.23,90.18,20.09,71.71,NORMAL,
2026-09-17T17:34:07.778823,V002,2022,39222.83,1789.23,16.57,93.96,1258.53,45.78,87.88,84.42,2.01,10,8.67,5.03,321.61,0.277,6.53,90.01,37.52,0,3.84,16.24,16.62,16.65,15.96,12.806,6.21,21.15,13.63,89.96,84.35,27.16,78.91,NORMAL,
2026-09-17T17:34:07.778823,V006,2019,24258.22,7934.72,22.18,84.98,1483.77,49.36,90.48,83.44,2.2,11.84,14.1,3.05,333.66,0.829,7.44,92.48,57.39,0,4.46,22.72,22.63,22.28,22.77,12.615,7.79,32.53,13.97,93.01,86.79,26.44,58.95,NORMAL,
2026-09-17T17:34:07.778823,V007,2024,91529.8,7829.59,0.43,94.18,805.21,45.38,86.88,55.77,1.89,10,9.1,4.28,313.77,0.837,4.28,76.95,57.41,0,3.81,0.91,0.18,0,0.15,12.763,19.96,31.58,13.82,87.61,80.77,21.83,68.69,WARNING,engine
2026-09-17T17:34:07.778823,V003,2024,97178.03,3988.23,13.35,88.32,1289.89,46.22,86.7,86.44,2.38,10,6.02,3.9,315.71,0.257,3.01,93.13,59.52,0,2.73,13.78,12.92,12.64,13.9,12.59,18.9,29.79,14.28,89.32,80.06,32.57,69.99,NORMAL,
2026-09-17T17:34:07.778823,V004,2022,124608.74,5608.72,19.5,89.51,1383.29,43.63,91.03,97.33,2.03,10,12.9,4.05,335.67,0.315,4.73,89.34,56.12,0,4.12,20.2,19.67,20.08,19.73,12.462,8.82,25.55,14.34,87.04,91.26,23.2,64.08,NORMAL,
2026-09-17T17:34:07.778823,V005,2023,45471.53,7797.97,5.07,95.08,1005.54,48.2,87.74,71.52,2.21,10,7.97,5.38,333.82,0.385,4.37,94.49,53.81,0,1.35,4.55,4.73,5.56,4.4,12.641,10.12,24.35,14.46,98.45,86.81,33.61,55.28,NORMAL,
2026-09-17T17:34:07.778823,V008,2020,35108.86,2193.38,0,86.91,855.62,43.26,92.62,67.6,2.23,10,10.2,4.36,341.38,0.903,5.9,82.86,46.76,0,3.33,0,0,0.55,0,12.716,11.35,34.24,14.39,73.02,97.81,21.9,79.2,WARNING,battery
2026-09-17T17:34:07.778823,V009,2021,36644.81,1138.73,21.53,88.92,1353.61,49.95,94.19,69.34,2.93,19.33,14.47,8.8,367.33,0.41,2.66,82.22,39.29,0,3.15,22.15,21.19,20.68,20.63,12.646,16.06,21.41,13.76,73.93,81.42,31.92,49.45,WARNING,battery
2026-09-17T17:34:07.778823,V010,2018,80379.21,3895.72,4.43,87.93,902.04,36.34,87.37,86.31,2.69,10,11.81,4.08,324.79,0.363,5.66,85.72,37.07,0,2.96,5.35,4.87,5.05,4.83,12.441,8.23,21.32,13.93,79.14,86.99,33.66,70.2,NORMAL,
2026-09-17T17:34:07.778823,V012,2022,74668.93,4352.02,0,94.35,805.24,47.38,90.67,96.2,1.87,10,10.18,5.67,322.7,0.484,2.48,96.94,37.08,0,2.65,0,0.88,0,0,12.632,9.57,22.4,14.43,99.3,79.81,21.69,61.82,WARNING,brake
2026-09-17T17:34:07.778823,V017,2020,94326.12,2221.24,7.12,91.67,999.49,41.66,94.15,76.19,2.36,10,13.71,5.98,325.7,0.87,6.43,74.8,48.01,0,0.81,6.49,7.51,7.96,7.99,12.755,6.91,31.51,13.6,88.03,88.29,23.35,46.81,NORMAL,
2026-09-17T17:34:07.778823,V011,2020,129758.9,5595.33,5.74,86.71,987.18,38.55,88.98,89.65,2.14,11.77,16.72,6.38,320.02,0.531,4.19,84.46,32.26,0,1.33,5.26,5.93,6.38,6.43,12.471,6.33,26.34,14.11,84.83,97.25,30.99,53.43,NORMAL,
2026-09-17T17:34:07.778823,V013,2024,129930.03,1523.73,0,88.63,894.33,42.73,86.82,52.69,2.04,10,7.16,2.6,327.94,0.954,5.2,83.89,56.72,0,1.62,0,0.38,0.21,0.39,12.813,7.17,26.77,14.31,82.9,84.74,22.43,45.17,NORMAL,
2026-09-17T17:34:07.778823,V014,2018,46547.74,5709.49,1.65,93.29,873.41,42.49,86.66,59.66,1.99,10,13.29,2.7,337.98,0.429,5.04,77.08,42.95,0,1.22,1.24,0.72,1.39,0.79,12.665,6.69,34.97,14.32,92.06,85.28,25.21,49.82,WARNING,brake
2026-09-17T17:34:07.778823,V015,2018,131266.21,1488.17,4.59,87.74,951.0,49.59,88.61,44.67,2.6,10,7.32,5.91,331.51,0.372,7.3,93.74,53.75,0,0.89,3.85,4.63,4.15,4.31,12.663,6.69,33.97,13.69,76.8,92.65,25.13,55.9,NORMAL,
2026-09-17T17:34:07.778823,V016,2020,68608.11,7526.19,5.55,92.45,959.36,48.62,93.23,54.2,2.66,10,9.0,3.97,347.07,0.764,3.3,79.74,37.36,0,4.43,5.59,5.5,5.13,6.49,12.461,12.13,26.94,14.34,84.64,81.22,26.34,73.82,NORMAL,
2026-09-17T17:34:07.778823,V018,2024,141200.31,6911.62,0,85.74,703.02,40.65,87.87,48.86,2.36,10,11.18,4.75,336.57,0.215,7.73,90.52,56.61,0,0.4,0.15,0.25,0,0.3,12.584,14.08,23.28,13.57,85.22,79.43,34.65,42.83,NORMAL,
2026-09-17T17:34:07.778823,V019,2021,72556.91,6931.15,0.33,93.98,854.71,36.57,90.19,47.41,2.06,10,13.85,5.63,327.65,0.562,7.56,87.5,45.42,0,4.27,0.04,0,0.39,0,12.453,13.31,23.93,13.63,88.86,98.07,25.77,54.21,NORMAL,
2026-09-17T17:34:07.778823,V020,2018,98969.74,1102.72,26.25,90.64,1494.16,44.13,89.36,69.12,2.03,10,9.1,5.3,320.8,0.865,5.19,90.13,57.13,0,0.35,26.05,26.05,26.49,25.7,12.417,16.73,24.24,13.71,76.95,83.24,20.88,73.62,WARNING,engine
2026-09-17T17:34:12.796079,V001,2018,40877.15,7466.23,13.58,86.49,1261.08,41.7,86.32,89.01,2.37,10,10.74,3.58,311.5,0.709,5.36,97.12,35.32,0,2.35,13.08,13.86,14.22,13.1,12.494,9.48,29.71,13.7,89.23,90.18,20.09,71.71,NORMAL,
2026-09-17T17:34:12.796079,V003,2024,97178.03,3988.23,6.6,88.19,971.62,46.22,86.7,86.44,2.31,10,11.17,4.19,332.12,0.256,3.01,93.13,59.52,0,4.14,6.05,7.29,7.54,7.37,12.576,18.9,29.79,14.28,89.32,80.06,32.57,69.99,NORMAL,
2026-09-17T17:34:12.796079,V005,2023,45471.54,7797.97,6.73,95.09,1011.41,48.2,87.74,71.52,3.08,13.63,10.98,3.75,344.34,0.38,4.37,94.49,53.81,0,4.28,6.35,6.35,6.52,7.15,12.654,10.12,24.35,14.46,98.45,86.81,33.61,55.28,NORMAL,
2026-09-17T17:34:12.796079,V002,2022,39222.83,1789.23,25.95,94.1,1565.8,45.78,87.88,84.42,2.51,18.04,20.45,5.71,367.64,0.277,6.53,90.01,37.52,0,0.88,25.05,26.87,25.72,25.93,12.797,6.21,21.15,13.63,89.96,84.35,27.16,78.91,NORMAL,
2026-09-17T17:34:12.796079,V004,2022,124608.75,5608.72,26.91,89.66,1649.83,43.63,91.03,97.33,3.01,13.31,9.8,4.62,324.27,0.318,4.73,89.34,56.12,0,2.88,26.7,26.64,26.7,27.53,12.48,8.82,25.55,14.34,87.04,91.26,23.2,64.08,NORMAL,
2026-09-17T17:34:12.796079,V006,2019,24258.23,7934.72,29.89,84.93,1659.78,49.36,90.48,83.44,3.05,23.63,28.22,7.71,381.6,0.847,7.44,92.48,57.39,0,1.37,30.5,30.2,30.08,29.18,12.597,7.79,32.53,13.97,93.01,86.79,26.44,58.95,NORMAL,
2026-09-17T17:34:12.796459,V007,2024,91529.8,7829.59,1.38,94.32,874.4,45.33,87.0,55.77,2.39,10,10.81,6.46,327.92,0.848,4.28,76.95,57.41,0,0.29,1.53,1.11,1.46,1.21,12.755,19.96,31.58,13.82,87.61,80.77,21.83,68.69,WARNING,engine
2026-09-17T17:34:12.796459,V010,2018,80379.22,3895.72,9.86,88.17,1110.97,36.34,87.37,86.31,1.82,10,5.5,2.86,337.08,0.361,5.66,85.72,37.07,0,0.29,9.13,10.51,8.96,9.64,12.425,8.23,21.32,13.93,79.14,86.99,33.66,70.2,NORMAL,
2026-09-17T17:34:12.796459,V017,2020,94326.12,2221.24,7.43,91.42,1026.28,41.66,94.15,76.19,1.81,10,6.39,6.3,317.46,0.871,6.43,74.8,48.01,0,4.49,7.25,8.34,6.58,6.8,12.74,6.91,31.51,13.6,88.03,88.29,23.35,46.81,NORMAL,
2026-09-17T17:34:12.796459,V008,2020,35108.86,2193.38,0,86.91,840.44,43.26,92.62,67.6,2.16,10,5.23,3.02,342.9,0.911,5.9,82.86,46.76,0,2.62,0.47,0.35,0.55,0.01,12.706,11.35,34.27,14.39,72.97,97.76,21.9,79.2,WARNING,battery
2026-09-17T17:34:12.796459,V009,2021,36644.82,1138.73,27.09,89.01,1662.78,49.95,94.19,69.34,2.06,10,9.69,4.6,314.65,0.41,2.66,82.22,39.29,0,4.97,26.88,27.84,26.78,27.35,12.662,16.06,21.44,13.76,73.88,81.37,31.92,49.45,WARNING,battery
2026-09-17T17:34:12.796459,V018,2024,141200.31,6911.62,0,85.47,700.58,40.65,87.87,48.86,1.95,10,8.8,5.18,338.59,0.207,7.73,90.52,56.61,0,2.1,0.53,0.19,0.04,0,12.57,14.08,23.28,13.57,85.22,79.43,34.65,42.83,NORMAL,
2026-09-17T17:34:12.796459,V019,2021,72556.91,6931.15,0,94.19,894.66,36.57,90.19,47.41,2.37,10,7.95,4.9,321.34,0.573,7.56,87.5,45.42,0,3.94,0.41,0,0,0,12.45,13.31,23.93,13.63,88.86,98.07,25.77,54.21,NORMAL,
2026-09-17T17:34:12.796459,V020,2018,98969.75,1102.72,34.23,91.06,1865.7,44.08,89.48,69.12,2.81,17.79,21.26,8.03,366.73,0.877,5.19,90.13,57.13,0,3.83,34.63,34.36,34.9,33.34,12.404,16.73,24.24,13.71,76.95,83.24,20.88,73.62,WARNING,engine
2026-09-17T17:34:12.796459,V011,2020,129758.9,5595.33,6.99,86.44,995.73,38.55,88.98,89.65,2.77,10.35,8.83,3.93,330.83,0.526,4.19,84.46,32.26,0,4.98,7.68,7.2,6.16,6.74,12.476,6.33,26.34,14.11,84.83,97.25,30.99,53.43,NORMAL,
2026-09-17T17:34:12.796459,V012,2022,74668.93,4352.02,1.05,94.58,873.94,47.38,90.67,96.2,1.88,10,6.43,4.23,315.15,0.493,2.49,96.91,37.23,0,0.32,1.21,0.21,1.82,1.52,12.621,9.57,22.4,14.43,99.3,79.81,21.69,61.82,WARNING,brake
2026-09-17T17:34:12.796459,V013,2024,129930.03,1523.73,5.99,88.33,1029.89,42.73,86.82,52.69,2.02,10,8.82,6.24,324.8,0.948,5.2,83.89,56.72,0,1.58,5.17,5.22,5.67,5.07,12.824,7.17,26.77,14.31,82.9,84.74,22.43,45.17,NORMAL,
2026-09-17T17:34:12.796459,V014,2018,46547.74,5709.49,9.32,93.03,1060.47,42.49,86.66,59.66,2.5,10,9.33,6.08,323.9,0.439,5.05,77.05,43.1,0,1.62,10.02,8.96,9.24,9.88,12.661,6.69,34.97,14.32,92.06,85.28,25.21,49.82,WARNING,brake
2026-09-17T17:34:12.796459,V015,2018,131266.21,1488.17,3.37,87.62,997.96,49.59,88.61,44.67,2.12,10,7.53,3.26,348.31,0.36,7.3,93.74,53.75,0,2.43,4.24,4.01,2.96,2.54,12.653,6.69,33.97,13.69,76.8,92.65,25.13,55.9,NORMAL,
2026-09-17T17:34:12.796459,V016,2020,68608.11,7526.19,0,92.62,771.93,48.62,93.23,54.2,2.32,10,5.62,6.4,339.32,0.771,3.3,79.74,37.36,0,3.94,0.05,1.0,0.71,0.85,12.472,12.13,26.94,14.34,84.64,81.22,26.34,73.82,NORMAL,
2026-09-17T17:34:17.807093,V001,2018,40877.15,7466.23,13.97,86.26,1284.62,41.7,86.32,89.01,2.22,10,5.51,2.78,318.29,0.718,5.36,97.12,35.32,0,1.57,13.33,13.35,13.57,14.35,12.496,9.48,29.71,13.7,89.23,90.18,20.09,71.71,NORMAL,
2026-09-17T17:34:17.807093,V002,2022,39222.84,1789.23,33.93,93.86,1766.59,45.78,87.88,84.42,3.2,27.01,23.11,9.72,392.83,0.293,6.53,90.01,37.52,0,3.54,34.81,33.68,33.79,33.95,12.796,6.21,21.15,13.63,89.96,84.35,27.16,78.91,NORMAL,
2026-09-17T17:34:17.807093,V003,2024,97178.03,3988.23,0.83,88.28,738.38,46.22,86.7,86.44,2.18,10,9.04,5.5,317.19,0.237,3.01,93.13,59.52,0,1.7,0.1,1.27,0.18,0.31,12.592,18.9,29.79,14.28,89.32,80.06,32.57,69.99,NORMAL,
2026-09-17T17:34:17.807093,V004,2022,124608.75,5608.72,21.8,89.56,1472.93,43.63,91.03,97.33,2.93,18.39,22.36,7.19,358.45,0.337,4.73,89.34,56.12,0,2.37,20.84,21.69,21.2,22.6,12.48,8.82,25.55,14.34,87.04,91.26,23.2,64.08,NORMAL,
2026-09-17T17:34:17.807093,V005,2023,45471.54,7797.97,1.46,95.36,876.81,48.2,87.74,71.52,2.6,10,9.16,5.99,325.14,0.398,4.37,94.49,53.81,0,0.57,1.57,0.9,0.78,2.45,12.637,10.12,24.35,14.46,98.45,86.81,33.61,55.28,NORMAL,
2026-09-17T17:34:17.807093,V006,2019,24258.23,7934.72,21.89,84.99,1533.52,49.36,90.48,83.44,2.08,10,10.81,4.0,310.08,0.836,7.44,92.48,57.39,0,4.2,21.62,21.11,21.14,21.91,12.589,7.79,32.53,13.97,93.01,86.79,26.44,58.95,NORMAL,
2026-09-17T17:34:17.807093,V008,2020,35108.86,2193.38,8.0,87.02,1138.15,43.26,92.62,67.6,2.01,10,7.66,2.77,325.32,0.929,5.9,82.86,46.76,0,1.72,7.24,7.06,7.85,7.35,12.706,11.35,34.3,14.39,72.92,97.71,21.9,79.2,WARNING,battery
2026-09-17T17:34:17.807093,V007,2024,91529.8,7829.59,0,94.27,829.16,45.28,87.12,55.77,1.89,10,9.6,4.2,327.73,0.873,4.28,76.95,57.41,0,4.96,0,0.03,0.78,0.51,12.763,19.96,31.58,13.82,87.61,80.77,21.83,68.69,WARNING,engine
2026-09-17T17:34:17.807093,V009,2021,36644.82,1138.73,23.32,88.75,1454.18,49.95,94.19,69.34,2.31,10,14.66,5.63,343.19,0.413,2.66,82.22,39.29,0,4.16,24.08,24.16,24.06,23.55,12.656,16.06,21.47,13.76,73.83,81.32,31.92,49.45,WARNING,battery
2026-09-17T17:34:17.807093,V010,2018,80379.22,3895.72,17.57,88.39,1239.7,36.34,87.37,86.31,2.66,10,8.5,4.45,330.71,0.348,5.66,85.72,37.07,0,3.6,17.0,18.0,17.23,17.81,12.423,8.23,21.32,13.93,79.14,86.99,33.66,70.2,NORMAL,
2026-09-17T17:34:17.807093,V015,2018,131266.22,1488.17,9.87,87.41,1164.29,49.59,88.61,44.67,2.09,12.85,14.96,6.83,319.42,0.358,7.3,93.74,53.75,0,0.94,9.18,10.47,10.16,10.76,12.636,6.69,33.97,13.69,76.8,92.65,25.13,55.9,NORMAL,
2026-09-17T17:34:17.807093,V016,2020,68608.11,7526.19,0,92.56,791.85,48.62,93.23,54.2,2.3,10,9.91,6.1,345.36,0.761,3.3,79.74,37.36,0,4.89,0,0.86,0.69,0.13,12.473,12.13,26.94,14.34,84.64,81.22,26.34,73.82,NORMAL,
2026-09-17T17:34:17.807093,V011,2020,129758.9,5595.33,2.05,86.19,808.38,38.55,88.98,89.65,2.22,10,12.07,5.26,349.83,0.529,4.19,84.46,32.26,0,1.15,1.61,1.24,2.89,1.34,12.474,6.33,26.34,14.11,84.83,97.25,30.99,53.43,NORMAL,
2026-09-17T17:34:17.807093,V012,2022,74668.93,4352.02,6.52,94.59,1029.9,47.38,90.67,96.2,2.47,10,5.29,4.97,324.2,0.502,2.5,96.88,37.38,0,0.97,7.1,6.79,5.8,6.18,12.616,9.57,22.4,14.43,99.3,79.81,21.69,61.82,WARNING,brake
2026-09-17T17:34:17.807093,V013,2024,129930.03,1523.73,4.66,88.46,1020.34,42.73,86.82,52.69,2.51,10,13.03,5.08,327.51,0.961,5.2,83.89,56.72,0,1.29,4.74,4.85,4.69,4.03,12.821,7.17,26.77,14.31,82.9,84.74,22.43,45.17,NORMAL,
2026-09-17T17:34:17.807093,V014,2018,46547.75,5709.49,18.11,92.81,1320.92,42.49,86.66,59.66,2.45,10,8.6,6.35,347.59,0.423,5.06,77.02,43.25,0,0.79,17.66,18.04,18.91,17.32,12.641,6.69,34.97,14.32,92.06,85.28,25.21,49.82,WARNING,brake
2026-09-17T17:34:17.807093,V017,2020,94326.12,2221.24,1.96,91.3,781.36,41.66,94.15,76.19,2.23,10.86,6.77,2.87,312.94,0.871,6.43,74.8,48.01,0,2.62,2.62,2.16,2.0,2.53,12.725,6.91,31.51,13.6,88.03,88.29,23.35,46.81,NORMAL,
2026-09-17T17:34:17.807093,V018,2024,141200.31,6911.62,0,85.62,705.53,40.65,87.87,48.86,2.16,10,13.87,3.96,347.1,0.198,7.73,90.52,56.61,0,3.49,0,0.77,0.11,0,12.561,14.08,23.28,13.57,85.22,79.43,34.65,42.83,NORMAL,
2026-09-17T17:34:17.807093,V019,2021,72556.91,6931.15,0,93.93,887.12,36.57,90.19,47.41,1.97,10,7.36,5.97,326.88,0.561,7.56,87.5,45.42,0,4.04,0,0,0.15,0,12.449,13.31,23.93,13.63,88.86,98.07,25.77,54.21,NORMAL,
2026-09-17T17:34:17.807093,V020,2018,98969.76,1102.72,31.89,91.11,1798.38,44.03,89.6,69.12,2.94,20.72,24.03,7.33,348.99,0.876,5.19,90.13,57.13,0,0.3,32.18,32.4,32.81,32.63,12.393,16.73,24.24,13.71,76.95,83.24,20.88,73.62,WARNING,engine
2026-09-17T17:34:22.823382,V001,2018,40877.16,7466.23,19.85,85.99,1348.59,41.7,86.32,89.01,3.25,19.42,14.59,5.04,367.51,0.706,5.36,97.12,35.32,0,4.1,18.86,20.1,19.03,20.42,12.5,9.48,29.71,13.7,89.23,90.18,20.09,71.71,NORMAL,
2026-09-17T17:34:22.823382,V002,2022,39222.85,1789.23,35.85,93.86,1928.67,45.78,87.88,84.42,3.58,24.43,20.07,8.37,376.35,0.282,6.53,90.01,37.52,0,4.31,35.44,35.99,35.56,35.86,12.794,6.21,21.15,13.63,89.96,84.35,27.16,78.91,NORMAL,
2026-09-17T17:34:22.823382,V003,2024,97178.03,3988.23,0,88.44,774.77,46.22,86.7,86.44,2.39,10,13.62,2.86,317.51,0.235,3.01,93.13,59.52,0,3.65,0,0,0.94,0,12.58,18.9,29.79,14.28,89.32,80.06,32.57,69.99,NORMAL,
2026-09-17T17:34:22.823382,V006,2019,24258.24,7934.72,26.58,85.27,1659.35,49.36,90.48,83.44,3.14,22.72,20.15,8.92,357.35,0.837,7.44,92.48,57.39,0,3.44,26.31,26.92,25.72,25.89,12.591,7.79,32.53,13.97,93.01,86.79,26.44,58.95,NORMAL,
2026-09-17T17:34:22.823382,V007,2024,91529.8,7829.59,0.17,94.22,776.27,45.23,87.24,55.77,2.4,10,5.31,6.4,342.4,0.871,4.28,76.95,57.41,0,2.1,0.36,0,0.82,1.14,12.779,19.96,31.58,13.82,87.61,80.77,21.83,68.69,WARNING,engine
2026-09-17T17:34:22.823382,V004,2022,124608.76,5608.72,21.81,89.54,1373.36,43.63,91.03,97.33,2.95,16.61,21.16,5.44,342.87,0.348,4.73,89.34,56.12,0,3.62,21.58,22.48,21.45,20.99,12.486,8.82,25.55,14.34,87.04,91.26,23.2,64.08,NORMAL,
2026-09-17T17:34:22.823382,V005,2023,45471.54,7797.97,0,95.35,881.94,48.2,87.74,71.52,1.93,10,8.83,4.35,315.23,0.386,4.37,94.49,53.81,0,4.47,0.52,0,0,0.47,12.628,10.12,24.35,14.46,98.45,86.81,33.61,55.28,NORMAL,
2026-09-17T17:34:22.823382,V009,2021,36644.83,1138.73,24.86,88.73,1591.84,49.95,94.19,69.34,2.8,21.02,21.9,7.51,348.34,0.426,2.66,82.22,39.29,0,0.03,25.69,24.34,25.62,25.42,12.664,16.06,21.5,13.76,73.78,81.27,31.92,49.45,WARNING,battery
2026-09-17T17:34:22.823382,V013,2024,129930.03,1523.73,0,88.21,808.07,42.73,86.82,52.69,2.47,10,6.25,3.29,324.13,0.972,5.2,83.89,56.72,0,1.01,0.55,0.08,0,0.23,12.82,7.17,26.77,14.31,82.9,84.74,22.43,45.17,NORMAL,
2026-09-17T17:34:22.823382,V008,2020,35108.87,2193.38,17.71,87.08,1291.97,43.26,92.62,67.6,3.31,19.91,16.7,7.23,348.88,0.933,5.9,82.86,46.76,0,4.63,17.29,17.59,18.18,17.88,12.693,11.35,34.33,14.39,72.87,97.66,21.9,79.2,WARNING,battery
2026-09-17T17:34:22.823382,V010,2018,80379.23,3895.72,19.79,88.52,1402.95,36.34,87.37,86.31,1.93,10,8.09,5.81,328.89,0.36,5.66,85.72,37.07,0,1.51,20.58,20.02,19.68,20.21,12.426,8.23,21.32,13.93,79.14,86.99,33.66,70.2,NORMAL,
2026-09-17T17:34:22.823382,V015,2018,131266.22,1488.17,19.06,87.56,1294.87,49.59,88.61,44.67,3.06,16.03,14.81,5.99,356.87,0.35,7.3,93.74,53.75,0,0.12,18.46,18.35,19.36,18.41,12.648,6.69,33.97,13.69,76.8,92.65,25.13,55.9,NORMAL,
2026-09-17T17:34:22.823382,V020,2018,98969.77,1102.72,38.62,91.22,1931.02,43.98,89.72,69.12,3.42,29.44,31.64,7.49,387.84,0.877,5.19,90.13,57.13,0,0.34,38.85,38.64,37.84,38.53,12.388,16.73,24.24,13.71,76.95,83.24,20.88,73.62,WARNING,engine
2026-09-17T17:34:22.823382,V016,2020,68608.11,7526.19,1.14,92.42,754.54,48.62,93.23,54.2,2.0,10,5.39,4.27,316.09,0.742,3.3,79.74,37.36,0,3.17,2.13,0.54,1.44,0.7,12.46,12.13,26.94,14.34,84.64,81.22,26.34,73.82,NORMAL,
2026-09-17T17:34:22.823382,V017,2020,94326.12,2221.24,5.04,91.21,957.41,41.66,94.15,76.19,1.97,10,7.65,5.79,335.47,0.876,6.43,74.8,48.01,0,3.48,5.11,5.32,5.48,5.18,12.722,6.91,31.51,13.6,88.03,88.29,23.35,46.81,NORMAL,
2026-09-17T17:34:22.823382,V011,2020,129758.9,5595.33,6.82,86.08,1079.86,38.55,88.98,89.65,2.73,11.74,11.67,5.7,318.14,0.54,4.19,84.46,32.26,0,1.15,6.31,7.37,7.44,6.56,12.479,6.33,26.34,14.11,84.83,97.25,30.99,53.43,NORMAL,
2026-09-17T17:34:22.823382,V012,2022,74668.93,4352.02,0,94.64,885.38,47.38,90.67,96.2,2.09,10,13.12,5.16,317.5,0.519,2.51,96.85,37.53,0,0.57,0,0,0,0.72,12.618,9.57,22.4,14.43,99.3,79.81,21.69,61.82,WARNING,brake
2026-09-17T17:34:22.823382,V014,2018,46547.75,5709.49,18.14,93.02,1434.83,42.49,86.66,59.66,2.42,10,14.05,4.39,341.1,0.43,5.07,76.99,43.4,0,3.12,18.82,17.54,17.71,17.3,12.626,6.69,34.97,14.32,92.06,85.28,25.21,49.82,WARNING,brake
2026-09-17T17:34:22.823382,V018,2024,141200.31,6911.62,0,85.76,788.76,40.65,87.87,48.86,1.87,10,6.38,5.29,325.79,0.193,7.73,90.52,56.61,0,2.91,0.77,0.05,0.39,0,12.541,14.08,23.28,13.57,85.22,79.43,34.65,42.83,NORMAL,
2026-09-17T17:34:22.823382,V019,2021,72556.91,6931.15,2.37,93.67,799.09,36.57,90.19,47.41,1.94,10,10.77,3.1,324.66,0.549,7.56,87.5,45.42,0,2.18,2.8,3.29,2.2,2.44,12.442,13.31,23.93,13.63,88.86,98.07,25.77,54.21,NORMAL,
2026-09-17T17:34:27.835362,V001,2018,40877.17,7466.23,27.52,85.72,1614.18,41.7,86.32,89.01,2.36,13.38,13.61,6.37,336.47,0.712,5.36,97.12,35.32,0,2.66,27.56,28.49,28.02,27.69,12.5,9.48,29.71,13.7,89.23,90.18,20.09,71.71,NORMAL,
2026-09-17T17:34:27.835362,V003,2024,97178.03,3988.23,0,88.73,809.18,46.22,86.7,86.44,2.12,10,12.03,4.69,321.65,0.229,3.01,93.13,59.52,0,0.58,0.06,0,0.89,0.04,12.589,18.9,29.79,14.28,89.32,80.06,32.57,69.99,NORMAL,
2026-09-17T17:34:27.835362,V002,2022,39222.87,1789.23,40.91,93.9,1979.24,45.78,87.88,84.42,4.14,27.58,27.75,9.4,378.76,0.295,6.53,90.01,37.52,0,3.06,40.26,40.78,40.64,40.79,12.787,6.21,21.15,13.63,89.96,84.35,27.16,78.91,NORMAL,
2026-09-17T17:34:27.835362,V004,2022,124608.77,5608.72,29.9,89.27,1634.96,43.63,91.03,97.33,2.24,10,12.7,2.78,324.72,0.354,4.73,89.34,56.12,0,2.41,29.69,29.74,29.03,29.4,12.47,8.82,25.55,14.34,87.04,91.26,23.2,64.08,NORMAL,
2026-09-17T17:34:27.835362,V005,2023,45471.54,7797.97,0,95.34,811.42,48.2,87.74,71.52,2.3,10,12.99,6.34,319.46,0.378,4.37,94.49,53.81,0,0.77,0,0,0.43,0,12.631,10.12,24.35,14.46,98.45,86.81,33.61,55.28,NORMAL,
2026-09-17T17:34:27.835362,V007,2024,91529.8,7829.59,0,94.29,867.65,45.18,87.36,55.77,2.77,10,8.49,3.09,327.63,0.881,4.28,76.95,57.41,0,2.18,0.84,0,0.63,0.89,12.784,19.96,31.58,13.82,87.61,80.77,21.83,68.69,WARNING,engine
2026-09-17T17:34:27.835362,V006,2019,24258.25,7934.72,20.43,85.53,1396.06,49.36,90.48,83.44,2.72,10,5.19,3.11,326.98,0.842,7.44,92.48,57.39,0,0.51,19.98,19.98,20.08,20.07,12.581,7.79,32.53,13.97,93.01,86.79,26.44,58.95,NORMAL,
2026-09-17T17:34:27.835362,V008,2020,35108.88,2193.38,21.06,87.22,1446.53,43.26,92.62,67.6,2.8,11.53,15.16,4.74,345.33,0.952,5.9,82.86,46.76,0,2.43,21.73,21.17,20.55,20.28,12.702,11.35,34.36,14.39,72.82,97.61,21.9,79.2,WARNING,battery
2026-09-17T17:34:27.835362,V019,2021,72556.91,6931.15,0,93.76,771.53,36.57,90.19,47.41,2.8,10,14.05,4.73,326.76,0.562,7.56,87.5,45.42,0,3.01,0.06,0,0,0.33,12.458,13.31,23.93,13.63,88.86,98.07,25.77,54.21,NORMAL,
2026-09-17T17:34:27.835362,V009,2021,36644.84,1138.73,27.03,88.61,1574.05,49.95,94.19,69.34,2.2,13.86,14.12,7.1,357.86,0.445,2.66,82.22,39.29,0,0.9,27.49,26.51,27.92,27.52,12.656,16.06,21.53,13.76,73.73,81.22,31.92,49.45,WARNING,battery
2026-09-17T17:34:27.835362,V010,2018,80379.23,3895.72,21.21,88.36,1423.82,36.34,87.37,86.31,3.09,14.25,17.49,3.78,338.15,0.378,5.66,85.72,37.07,0,1.23,20.86,21.53,21.38,21.07,12.407,8.23,21.32,13.93,79.14,86.99,33.66,70.2,NORMAL,
2026-09-17T17:34:27.835362,V011,2020,129758.91,5595.33,12.73,86.26,1168.24,38.55,88.98,89.65,2.63,17.45,16.1,5.41,369.39,0.553,4.19,84.46,32.26,0,2.18,13.69,13.72,11.77,11.76,12.481,6.33,26.34,14.11,84.83,97.25,30.99,53.43,NORMAL,
2026-09-17T17:34:27.835362,V012,2022,74668.93,4352.02,0,94.63,795.73,47.38,90.67,96.2,2.37,10,8.32,4.14,314.08,0.53,2.52,96.82,37.68,0,3.77,0,0,0,0,12.628,9.57,22.4,14.43,99.3,79.81,21.69,61.82,WARNING,brake
2026-09-17T17:34:27.835362,V013,2024,129930.03,1523.73,7.89,88.34,1033.63,42.73,86.82,52.69,1.88,10,14.46,2.53,342.28,0.99,5.2,83.89,56.72,0,3.33,7.65,7.5,7.9,8.38,12.83,7.17,26.77,14.31,82.9,84.74,22.43,45.17,NORMAL,
2026-09-17T17:34:27.835362,V014,2018,46547.76,5709.49,23.52,93.09,1550.41,42.49,86.66,59.66,2.26,11.45,12.67,5.86,322.84,0.421,5.08,76.96,43.55,0,2.13,24.15,23.75,22.94,22.67,12.611,6.69,34.97,14.32,92.06,85.28,25.21,49.82,WARNING,brake
2026-09-17T17:34:27.835362,V015,2018,131266.23,1488.17,28.47,87.68,1696.09,49.59,88.61,44.67,3.71,24.19,25.5,7.21,358.67,0.368,7.3,93.74,53.75,0,2.34,28.35,28.02,27.51,28.59,12.629,6.69,33.97,13.69,76.8,92.65,25.13,55.9,NORMAL,
2026-09-17T17:34:27.835362,V016,2020,68608.12,7526.19,8.31,92.19,1015.72,48.62,93.23,54.2,2.65,10,12.57,3.45,349.31,0.731,3.3,79.74,37.36,0,0.88,7.79,7.48,7.62,7.45,12.474,12.13,26.94,14.34,84.64,81.22,26.34,73.82,NORMAL,
2026-09-17T17:34:27.835362,V017,2020,94326.12,2221.24,3.45,91.22,804.51,41.66,94.15,76.19,2.58,10,9.86,6.2,315.67,0.882,6.43,74.8,48.01,0,3.34,3.33,3.55,2.72,3.46,12.713,6.91,31.51,13.6,88.03,88.29,23.35,46.81,NORMAL,
2026-09-17T17:34:27.835362,V018,2024,141200.32,6911.62,3.14,86.0,866.42,40.65,87.87,48.86,2.54,10,6.83,4.13,343.18,0.204,7.73,90.52,56.61,0,4.92,3.05,3.76,3.86,4.1,12.548,14.08,23.28,13.57,85.22,79.43,34.65,42.83,NORMAL,
2026-09-17T17:34:27.835362,V020,2018,98969.78,1102.72,33.34,91.62,1716.56,43.93,89.84,69.12,3.0,21.37,23.05,6.88,361.22,0.883,5.19,90.13,57.13,0,4.9,33.43,34.09,33.38,32.8,12.382,16.73,24.24,13.71,76.95,83.24,20.88,73.62,WARNING,engine
2026-09-17T17:34:32.851251,V001,2018,40877.17,7466.23,25.72,85.85,1595.19,41.7,86.32,89.01,2.81,18.03,14.13,7.88,343.72,0.699,5.36,97.12,35.32,0,3.04,25.3,25.79,25.37,24.76,12.487,9.48,29.71,13.7,89.23,90.18,20.09,71.71,NORMAL,
2026-09-17T17:34:32.851251,V003,2024,97178.03,3988.23,0,88.5,865.94,46.22,86.7,86.44,2.14,10,9.95,4.2,347.04,0.222,3.01,93.13,59.52,0,4.25,0,0,0,0,12.579,18.9,29.79,14.28,89.32,80.06,32.57,69.99,NORMAL,
2026-09-17T17:34:32.851251,V002,2022,39222.87,1789.23,32.14,94.03,1744.5,45.78,87.88,84.42,2.78,11.4,13.82,4.95,320.18,0.31,6.53,90.01,37.52,0,1.53,32.92,31.35,31.94,32.97,12.787,6.21,21.15,13.63,89.96,84.35,27.16,78.91,NORMAL,
2026-09-17T17:34:32.851251,V004,2022,124608.78,5608.72,26.54,89.43,1623.42,43.63,91.03,97.33,3.01,22.93,22.66,5.86,387.15,0.366,4.73,89.34,56.12,0,0.36,27.5,25.77,26.08,26.58,12.483,8.82,25.55,14.34,87.04,91.26,23.2,64.08,NORMAL,
2026-09-17T17:34:32.851251,V005,2023,45471.54,7797.97,0,95.09,789.57,48.2,87.74,71.52,2.67,10,11.4,3.1,344.39,0.397,4.37,94.49,53.81,0,1.87,0,0.01,0,0,12.63,10.12,24.35,14.46,98.45,86.81,33.61,55.28,NORMAL,
2026-09-17T17:34:32.851251,V006,2019,24258.25,7934.72,14.54,85.24,1274.89,49.36,90.48,83.44,2.75,15.42,10.95,5.73,331.78,0.828,7.44,92.48,57.39,0,3.81,14.86,14.25,13.99,14.22,12.577,7.79,32.53,13.97,93.01,86.79,26.44,58.95,NORMAL,
2026-09-17T17:34:32.851251,V007,2024,91529.8,7829.59,7.97,94.59,1019.21,45.13,87.48,55.77,2.19,14.26,18.58,7.07,336.46,0.879,4.28,76.95,57.41,0,1.2,8.77,7.64,8.15,8.79,12.783,19.96,31.58,13.82,87.61,80.77,21.83,68.69,WARNING,engine
2026-09-17T17:34:32.851251,V011,2020,129758.91,5595.33,15.19,86.53,1261.34,38.55,88.98,89.65,2.21,10,12.61,4.66,340.4,0.566,4.19,84.46,32.26,0,3.64,14.99,14.44,15.14,15.82,12.5,6.33,26.34,14.11,84.83,97.25,30.99,53.43,NORMAL,
2026-09-17T17:34:32.851251,V008,2020,35108.88,2193.38,19.97,87.33,1495.35,43.26,92.62,67.6,2.2,10,8.46,5.33,348.6,0.957,5.9,82.86,46.76,0,0.19,19.64,19.13,20.34,20.84,12.693,11.35,34.39,14.39,72.77,97.56,21.9,79.2,WARNING,battery
2026-09-17T17:34:32.851251,V010,2018,80379.24,3895.72,19.93,88.2,1421.95,36.34,87.37,86.31,2.41,10,9.96,4.92,320.24,0.394,5.66,85.72,37.07,0,3.67,20.73,19.91,19.98,20.62,12.402,8.23,21.32,13.93,79.14,86.99,33.66,70.2,NORMAL,
2026-09-17T17:34:32.851251,V009,2021,36644.84,1138.73,20.71,88.5,1382.48,49.95,94.19,69.34,2.91,19.6,14.8,7.93,361.71,0.454,2.66,82.22,39.29,0,4.67,20.73,21.49,21.63,20.49,12.647,16.06,21.56,13.76,73.68,81.17,31.92,49.45,WARNING,battery
2026-09-17T17:34:32.851251,V020,2018,98969.78,1102.72,26.37,91.67,1613.68,43.88,89.96,69.12,2.49,10,11.01,5.98,334.79,0.895,5.19,90.13,57.13,0,2.9,27.24,26.83,25.64,25.83,12.399,16.73,24.24,13.71,76.95,83.24,20.88,73.62,WARNING,engine
2026-09-17T17:34:32.851251,V012,2022,74668.93,4352.02,0,94.6,837.31,47.38,90.67,96.2,2.73,10,10.5,3.37,323.46,0.533,2.53,96.79,37.83,0,3.9,0.01,0,0,0.97,12.643,9.57,22.4,14.43,99.3,79.81,21.69,61.82,WARNING,brake
2026-09-17T17:34:32.851251,V013,2024,129930.04,1523.73,9.61,88.22,1013.62,42.73,86.82,52.69,2.49,13.44,18.33,4.63,325.9,1.006,5.2,83.89,56.72,0,2.1,9.26,10.06,9.22,10.1,12.837,7.17,26.77,14.31,82.9,84.74,22.43,45.17,NORMAL,
2026-09-17T17:34:32.851251,V014,2018,46547.77,5709.49,26.59,93.16,1558.57,42.49,86.66,59.66,2.01,10,14.94,5.32,318.96,0.436,5.09,76.93,43.7,0,0.19,26.7,25.91,27.45,26.47,12.616,6.69,34.97,14.32,92.06,85.28,25.21,49.82,WARNING,brake
2026-09-17T17:34:32.851251,V015,2018,131266.24,1488.17,25.87,87.86,1481.47,49.59,88.61,44.67,3.12,14.66,13.39,6.58,344.01,0.377,7.3,93.74,53.75,0,1.66,26.29,25.41,25.78,26.59,12.624,6.69,33.97,13.69,76.8,92.65,25.13,55.9,NORMAL,
2026-09-17T17:34:32.851251,V017,2020,94326.12,2221.24,0,90.98,770.9,41.66,94.15,76.19,2.67,10,6.05,3.61,316.38,0.899,6.43,74.8,48.01,0,3.04,0,0,0.66,0,12.711,6.91,31.51,13.6,88.03,88.29,23.35,46.81,NORMAL,
2026-09-17T17:34:32.851251,V018,2024,141200.32,6911.62,0,86.24,807.09,40.65,87.87,48.86,2.26,10,8.24,3.13,337.23,0.211,7.73,90.52,56.61,0,3.51,0.95,0,0,0.64,12.534,14.08,23.28,13.57,85.22,79.43,34.65,42.83,NORMAL,
2026-09-17T17:34:32.851251,V019,2021,72556.91,6931.15,0,93.64,761.69,36.57,90.19,47.41,2.37,10,14.17,5.87,345.45,0.552,7.56,87.5,45.42,0,3.18,0.39,0,0,0,12.457,13.31,23.93,13.63,88.86,98.07,25.77,54.21,NORMAL,
2026-09-17T17:34:32.851251,V016,2020,68608.12,7526.19,0.76,92.05,897.75,48.62,93.23,54.2,2.11,10,9.19,5.39,338.89,0.722,3.3,79.74,37.36,0,0.96,1.39,1.73,0.85,0.86,12.491,12.13,26.94,14.34,84.64,81.22,26.34,73.82,NORMAL,
2026-09-17T17:34:37.867427,V001,2018,40877.18,7466.23,31.78,86.05,1704.23,41.7,86.32,89.01,3.19,24.06,22.66,8.28,387.25,0.708,5.36,97.12,35.32,0,2.07,32.42,31.77,31.47,31.03,12.491,9.48,29.71,13.7,89.23,90.18,20.09,71.71,NORMAL,
2026-09-17T17:34:37.867427,V004,2022,124608.78,5608.72,29.86,89.14,1715.56,43.63,91.03,97.33,3.14,24.33,27.55,7.55,368.99,0.385,4.73,89.34,56.12,0,0.75,28.98,29.08,29.19,30.74,12.484,8.82,25.55,14.34,87.04,91.26,23.2,64.08,NORMAL,
2026-09-17T17:34:37.867427,V002,2022,39222.88,1789.23,29.78,93.74,1768.38,45.78,87.88,84.42,2.44,12.87,13.46,5.6,355.38,0.291,6.53,90.01,37.52,0,3.28,28.82,28.88,29.67,29.83,12.804,6.21,21.15,13.63,89.96,84.35,27.16,78.91,NORMAL,
2026-09-17T17:34:37.867427,V003,2024,97178.03,3988.23,0,88.72,859.43,46.22,86.7,86.44,2.07,10,11.87,2.64,317.06,0.227,3.01,93.13,59.52,0,3.47,0.23,0,0.91,0,12.57,18.9,29.79,14.28,89.32,80.06,32.57,69.99,NORMAL,
2026-09-17T17:34:37.867427,V005,2023,45471.54,7797.97,8.0,95.38,960.22,48.2,87.74,71.52,2.51,10,13.08,3.18,327.21,0.414,4.37,94.49,53.81,0,4.23,7.01,7.98,7.85,8.64,12.644,10.12,24.35,14.46,98.45,86.81,33.61,55.28,NORMAL,
2026-09-17T17:34:37.867427,V007,2024,91529.8,7829.59,11.81,94.55,1170.46,45.08,87.6,55.77,2.61,10,10.33,4.61,324.49,0.878,4.28,76.95,57.41,0,3.56,11.73,11.0,12.41,10.86,12.798,19.96,31.58,13.82,87.61,80.77,21.83,68.69,WARNING,engine
2026-09-17T17:34:37.867427,V012,2022,74668.93,4352.02,0,94.72,876.52,47.38,90.67,96.2,2.78,10,13.63,2.92,342.88,0.544,2.54,96.76,37.98,0,1.94,0,0.28,0,0,12.623,9.57,22.4,14.43,99.3,79.81,21.69,61.82,WARNING,brake
2026-09-17T17:34:37.867427,V006,2019,24258.26,7934.72,21.95,85.04,1409.66,49.36,90.48,83.44,2.79,13.7,16.46,4.66,329.6,0.837,7.44,92.48,57.39,0,3.44,22.01,22.69,22.52,22.29,12.596,7.79,32.53,13.97,93.01,86.79,26.44,58.95,NORMAL,
2026-09-17T17:34:37.867427,V008,2020,35108.89,2193.38,28.89,87.55,1742.72,43.26,92.62,67.6,3.52,27.03,25.74,7.83,395.4,0.954,5.9,82.86,46.76,0,1.48,28.46,29.33,29.66,29.53,12.692,11.35,34.42,14.39,72.72,97.51,21.9,79.2,WARNING,battery
2026-09-17T17:34:37.867427,V010,2018,80379.24,3895.72,19.5,87.96,1362.81,36.34,87.37,86.31,2.08,10,11.36,3.24,329.22,0.39,5.66,85.72,37.07,0,0.21,19.19,19.16,19.08,19.28,12.387,8.23,21.32,13.93,79.14,86.99,33.66,70.2,NORMAL,
2026-09-17T17:34:37.867427,V011,2020,129758.92,5595.33,20.35,86.71,1479.61,38.55,88.98,89.65,2.76,10,8.6,3.64,315.08,0.562,4.19,84.46,32.26,0,2.05,20.17,19.55,21.03,19.96,12.497,6.33,26.34,14.11,84.83,97.25,30.99,53.43,NORMAL,
2026-09-17T17:34:37.867427,V018,2024,141200.32,6911.62,9.67,86.02,1122.91,40.65,87.87,48.86,1.94,10,7.58,5.29,322.07,0.215,7.73,90.52,56.61,0,3.56,8.73,9.0,10.48,9.29,12.54,14.08,23.28,13.57,85.22,79.43,34.65,42.83,NORMAL,
2026-09-17T17:34:37.867427,V019,2021,72556.91,6931.15,3.0,93.38,867.61,36.57,90.19,47.41,2.13,11.69,16.0,4.5,315.81,0.563,7.56,87.5,45.42,0,2.71,3.65,2.43,2.89,3.12,12.463,13.31,23.93,13.63,88.86,98.07,25.77,54.21,NORMAL,
2026-09-17T17:34:37.867427,V020,2018,98969.79,1102.72,18.96,91.95,1292.95,43.83,90.08,69.12,2.79,10,9.37,5.92,326.6,0.895,5.19,90.13,57.13,0,0.49,19.27,18.0,18.21,19.03,12.406,16.73,24.24,13.71,76.95,83.24,20.88,73.62,WARNING,engine
2026-09-17T17:34:37.867427,V013,2024,129930.04,1523.73,5.86,88.5,959.08,42.73,86.82,52.69,2.55,12.04,16.73,6.99,317.17,1.025,5.2,83.89,56.72,0,4.43,6.7,5.53,5.84,5.63,12.832,7.17,26.77,14.31,82.9,84.74,22.43,45.17,NORMAL,
2026-09-17T17:34:37.867427,V014,2018,46547.77,5709.49,29.55,93.22,1720.27,42.49,86.66,59.66,1.98,10.8,11.14,6.27,325.09,0.445,5.1,76.9,43.85,0,3.64,28.64,29.17,29.53,28.66,12.619,6.69,34.97,14.32,92.06,85.28,25.21,49.82,WARNING,brake
2026-09-17T17:34:37.867427,V016,2020,68608.12,7526.19,0,91.9,840.24,48.62,93.23,54.2,2.61,10,12.23,5.63,325.33,0.727,3.3,79.74,37.36,0,3.84,0,0.37,0.04,0.34,12.478,12.13,26.94,14.34,84.64,81.22,26.34,73.82,NORMAL,
2026-09-17T17:34:37.867427,V017,2020,94326.12,2221.24,1.23,90.78,755.43,41.66,94.15,76.19,2.09,10,6.92,6.34,345.65,0.886,6.43,74.8,48.01,0,4.24,0.35,0.68,1.33,1.93,12.694,6.91,31.51,13.6,88.03,88.29,23.35,46.81,NORMAL,
2026-09-17T17:34:37.867427,V009,2021,36644.85,1138.73,13.83,88.38,1225.25,49.95,94.19,69.34,1.95,10,12.71,3.13,347.07,0.461,2.66,82.22,39.29,0,0.44,13.48,14.32,13.93,13.15,12.659,16.06,21.59,13.76,73.63,81.12,31.92,49.45,WARNING,battery
2026-09-17T17:34:37.867427,V015,2018,131266.24,1488.17,20.47,87.98,1388.69,49.59,88.61,44.67,2.61,10,14.1,2.67,336.51,0.391,7.3,93.74,53.75,0,4.05,21.22,20.67,21.22,21.46,12.61,6.69,33.97,13.69,76.8,92.65,25.13,55.9,NORMAL,
2026-09-17T17:34:42.883377,V001,2018,40877.19,7466.24,40.76,86.0,2094.19,41.7,86.32,89.01,3.54,22.18,22.36,6.6,360.6,0.689,5.36,97.12,35.32,0,3.4,39.91,39.97,40.74,40.09,12.487,9.48,29.71,13.7,89.23,90.18,20.09,71.71,NORMAL,
2026-09-17T17:34:42.883377,V005,2023,45471.54,7797.97,12.23,95.27,1221.33,48.2,87.74,71.52,2.24,10,9.03,3.22,328.26,0.399,4.37,94.49,53.81,0,3.58,12.33,11.67,11.29,12.35,12.647,10.12,24.35,14.46,98.45,86.81,33.61,55.28,NORMAL,
2026-09-17T17:34:42.883377,V002,2022,39222.89,1789.23,20.23,93.88,1478.56,45.78,87.88,84.42,1.88,10,13.64,4.33,334.05,0.285,6.53,90.01,37.52,0,4.34,20.18,19.83,20.76,20.21,12.809,6.21,21.15,13.63,89.96,84.35,27.16,78.91,NORMAL,
2026-09-17T17:34:42.883377,V003,2024,97178.04,3988.23,2.46,88.66,932.5,46.22,86.7,86.44,1.84,10,7.06,3.44,323.29,0.23,3.01,93.13,59.52,0,1.09,2.89,1.93,1.97,3.07,12.563,18.9,29.79,14.28,89.32,80.06,32.57,69.99,NORMAL,
2026-09-17T17:34:42.883377,V004,2022,124608.8,5608.72,39.51,88.89,2046.32,43.63,91.03,97.33,3.07,24.1,20.82,7.94,366.28,0.396,4.73,89.34,56.12,0,4.45,38.66,38.64,38.67,38.67,12.485,8.82,25.55,14.34,87.04,91.26,23.2,64.08,NORMAL,
2026-09-17T17:34:42.883377,V006,2019,24258.26,7934.72,18.08,85.1,1325.71,49.36,90.48,83.44,3.01,13.41,13.47,4.43,338.87,0.832,7.44,92.48,57.39,0,4.85,18.18,18.26,18.23,17.36,12.6,7.79,32.53,13.97,93.01,86.79,26.44,58.95,NORMAL,
2026-09-17T17:34:42.883377,V007,2024,91529.8,7829.6,5.24,94.97,1003.48,45.03,87.72,55.77,2.1,12.88,13.98,4.03,356.79,0.885,4.28,76.95,57.41,0,3.07,4.59,5.45,4.41,5.82,12.81,19.96,31.58,13.82,87.61,80.77,21.83,68.69,WARNING,engine
2026-09-17T17:34:42.883377,V008,2020,35108.9,2193.38,28.22,87.77,1608.39,43.26,92.62,67.6,2.94,13.48,15.84,4.59,335.67,0.971,5.9,82.86,46.76,0,1.41,27.43,27.45,28.58,28.77,12.677,11.35,34.45,14.39,72.67,97.46,21.9,79.2,WARNING,battery
2026-09-17T17:34:42.883377,V009,2021,36644.85,1138.73,4.44,88.31,1026.77,49.95,94.19,69.34,2.12,10,7.3,6.41,339.11,0.447,2.66,82.22,39.29,0,3.09,5.17,4.41,3.92,4.08,12.64,16.06,21.62,13.76,73.58,81.07,31.92,49.45,WARNING,battery
2026-09-17T17:34:42.883377,V010,2018,80379.25,3895.72,21.83,88.0,1476.22,36.34,87.37,86.31,2.75,19.72,22.46,7.24,342.53,0.398,5.66,85.72,37.07,0,4.78,21.99,21.65,22.34,21.68,12.369,8.23,21.32,13.93,79.14,86.99,33.66,70.2,NORMAL,
2026-09-17T17:34:42.883377,V011,2020,129758.92,5595.33,27.53,86.74,1571.32,38.55,88.98,89.65,3.19,19.15,22.88,7.78,352.21,0.552,4.19,84.46,32.26,0,2.5,26.76,27.68,27.84,28.36,12.507,6.33,26.34,14.11,84.83,97.25,30.99,53.43,NORMAL,
2026-09-17T17:34:42.883377,V013,2024,129930.04,1523.73,0.74,88.41,772.52,42.73,86.82,52.69,2.45,10,9.29,3.51,312.99,1.027,5.2,83.89,56.72,0,0.24,0.87,0,0.72,1.39,12.841,7.17,26.77,14.31,82.9,84.74,22.43,45.17,NORMAL,
2026-09-17T17:34:42.883377,V017,2020,94326.12,2221.24,4.5,90.55,971.85,41.66,94.15,76.19,2.46,11.04,15.24,5.79,341.02,0.886,6.43,74.8,48.01,0,1.07,4.23,5.19,4.32,5.03,12.705,6.91,31.51,13.6,88.03,88.29,23.35,46.81,NORMAL,
2026-09-17T17:34:42.883377,V018,2024,141200.32,6911.62,5.06,85.82,864.47,40.65,87.87,48.86,2.05,10,14.31,3.88,341.29,0.233,7.73,90.52,56.61,0,0.97,4.65,4.57,5.78,5.09,12.532,14.08,23.28,13.57,85.22,79.43,34.65,42.83,NORMAL,
2026-09-17T17:34:42.883377,V020,2018,98969.79,1102.72,18.94,91.94,1318.03,43.78,90.2,69.12,3.39,21.31,17.06,8.64,348.63,0.913,5.19,90.13,57.13,0,0.08,19.05,19.4,19.75,19.33,12.387,16.73,24.24,13.71,76.95,83.24,20.88,73.62,WARNING,engine
2026-09-17T17:34:42.883377,V012,2022,74668.93,4352.02,0,94.83,784.5,47.38,90.67,96.2,2.33,10,14.17,4.66,346.05,0.546,2.55,96.73,38.13,0,3.4,0,0,0,0,12.635,9.57,22.4,14.43,99.3,79.81,21.69,61.82,WARNING,brake
2026-09-17T17:34:42.883377,V014,2018,46547.78,5709.49,28.84,93.16,1749.37,42.49,86.66,59.66,2.99,18.19,19.06,6.35,337.36,0.43,5.11,76.87,44.0,0,4.94,29.06,29.62,29.26,28.73,12.617,6.69,34.97,14.32,92.06,85.28,25.21,49.82,WARNING,brake
2026-09-17T17:34:42.883377,V015,2018,131266.25,1488.17,23.09,88.02,1504.49,49.59,88.61,44.67,1.8,10,7.9,4.01,328.98,0.397,7.3,93.74,53.75,0,2.62,22.43,23.15,22.67,23.3,12.595,6.69,33.97,13.69,76.8,92.65,25.13,55.9,NORMAL,
2026-09-17T17:34:42.883377,V016,2020,68608.12,7526.19,6.02,91.9,958.99,48.62,93.23,54.2,2.22,10,11.33,6.35,320.79,0.731,3.3,79.74,37.36,0,1.85,5.03,5.77,6.07,6.4,12.494,12.13,26.94,14.34,84.64,81.22,26.34,73.82,NORMAL,
2026-09-17T17:34:42.883377,V019,2021,72556.91,6931.15,0,93.48,760.67,36.57,90.19,47.41,2.3,10,10.41,3.2,323.82,0.561,7.56,87.5,45.42,0,4.92,0,0.73,0.85,0.96,12.482,13.31,23.93,13.63,88.86,98.07,25.77,54.21,NORMAL,
2026-09-17T17:34:47.900718,V001,2018,40877.2,7466.24,32.27,86.15,1864.39,41.7,86.32,89.01,2.24,15.26,13.15,4.71,351.29,0.669,5.36,97.12,35.32,0,0.03,33.27,32.84,31.82,33.21,12.492,9.48,29.71,13.7,89.23,90.18,20.09,71.71,NORMAL,
2026-09-17T17:34:47.900718,V003,2024,97178.04,3988.23,2.07,88.96,808.88,46.22,86.7,86.44,1.88,10,10.53,5.31,311.39,0.226,3.01,93.13,59.52,0,2.81,1.85,1.64,2.32,2.14,12.579,18.9,29.79,14.28,89.32,80.06,32.57,69.99,NORMAL,
2026-09-17T17:34:47.900718,V004,2022,124608.8,5608.72,29.53,88.75,1782.15,43.63,91.03,97.33,2.02,10,9.39,4.55,316.62,0.405,4.73,89.34,56.12,0,1.39,30.08,29.4,29.37,29.41,12.504,8.82,25.55,14.34,87.04,91.26,23.2,64.08,NORMAL,
2026-09-17T17:34:47.900718,V005,2023,45471.54,7797.97,10.06,95.21,1181.76,48.2,87.74,71.52,2.64,10,11.44,5.14,310.24,0.409,4.37,94.49,53.81,0,0.13,10.59,9.53,10.0,9.92,12.666,10.12,24.35,14.46,98.45,86.81,33.61,55.28,NORMAL,
2026-09-17T17:34:47.900718,V002,2022,39222.89,1789.23,19.84,93.67,1306.22,45.78,87.88,84.42,2.95,17.38,14.22,6.97,339.85,0.268,6.53,90.01,37.52,0,2.17,20.39,20.1,19.87,18.9,12.797,6.21,21.15,13.63,89.96,84.35,27.16,78.91,NORMAL,
2026-09-17T17:34:47.900718,V008,2020,35108.9,2193.38,27.93,87.69,1627.74,43.26,92.62,67.6,3.69,21.91,25.56,8.11,361.06,0.977,5.9,82.86,46.76,0,1.44,26.97,28.4,28.46,28.34,12.686,11.35,34.48,14.39,72.62,97.41,21.9,79.2,WARNING,battery
2026-09-17T17:34:47.900718,V010,2018,80379.25,3895.72,20.41,88.07,1336.5,36.34,87.37,86.31,2.43,10,12.89,4.77,314.83,0.408,5.66,85.72,37.07,0,0.52,21.11,21.02,19.89,20.78,12.355,8.23,21.32,13.93,79.14,86.99,33.66,70.2,NORMAL,
2026-09-17T17:34:47.900718,V006,2019,24258.27,7934.72,26.99,85.29,1703.67,49.36,90.48,83.44,3.5,20.26,22.38,7.44,373.84,0.816,7.44,92.48,57.39,0,2.02,26.43,26.55,26.94,26.49,12.595,7.79,32.53,13.97,93.01,86.79,26.44,58.95,NORMAL,
2026-09-17T17:34:47.900718,V007,2024,91529.81,7829.6,5.03,95.39,883.29,44.98,87.84,55.77,2.26,10,14.15,4.29,342.2,0.888,4.28,76.95,57.41,0,4.27,4.34,5.71,5.05,4.19,12.798,19.96,31.58,13.82,87.61,80.77,21.83,68.69,WARNING,engine
2026-09-17T17:34:47.900718,V009,2021,36644.85,1138.73,6.29,88.41,1055.92,49.95,94.19,69.34,2.23,10,13.42,5.33,333.9,0.439,2.66,82.22,39.29,0,1.44,6.46,6.97,5.32,6.64,12.644,16.06,21.65,13.76,73.53,81.02,31.92,49.45,WARNING,battery
2026-09-17T17:34:47.900718,V013,2024,129930.04,1523.73,0,88.51,866.71,42.73,86.82,52.69,2.08,10,9.88,3.61,339.62,1.044,5.2,83.89,56.72,0,4.71,0,0.0,0.53,0.11,12.821,7.17,26.77,14.31,82.9,84.74,22.43,45.17,NORMAL,
2026-09-17T17:34:47.900718,V014,2018,46547.79,5709.49,22.49,93.11,1566.93,42.49,86.66,59.66,2.14,10,8.01,4.11,343.55,0.42,5.12,76.84,44.15,0,2.54,21.94,23.12,22.34,21.68,12.599,6.69,34.97,14.32,92.06,85.28,25.21,49.82,WARNING,brake
2026-09-17T17:34:47.900718,V015,2018,131266.25,1488.17,16.36,87.74,1367.07,49.59,88.61,44.67,2.01,10,12.68,2.82,338.47,0.405,7.3,93.74,53.75,0,4.42,15.75,16.72,15.67,15.65,12.589,6.69,33.97,13.69,76.8,92.65,25.13,55.9,NORMAL,
2026-09-17T17:34:47.900718,V018,2024,141200.32,6911.62,0,85.64,896.18,40.65,87.87,48.86,1.95,10,12.46,5.05,318.86,0.224,7.73,90.52,56.61,0,1.6,0,0,0,0.88,12.543,14.08,23.28,13.57,85.22,79.43,34.65,42.83,NORMAL,
2026-09-17T17:34:47.900718,V011,2020,129758.93,5595.33,37.12,86.75,2000.48,38.55,88.98,89.65,3.18,25.78,29.4,6.9,378.73,0.569,4.19,84.46,32.26,0,2.21,37.64,36.63,36.88,36.67,12.513,6.33,26.34,14.11,84.83,97.25,30.99,53.43,NORMAL,
2026-09-17T17:34:47.900718,V016,2020,68608.12,7526.19,9.63,92.14,993.86,48.62,93.23,54.2,2.67,10,8.95,5.36,349.91,0.746,3.3,79.74,37.36,0,3.36,8.77,10.35,10.49,10.2,12.48,12.13,26.94,14.34,84.64,81.22,26.34,73.82,NORMAL,
2026-09-17T17:34:47.901329,V019,2021,72556.91,6931.15,0,93.44,825.18,36.57,90.19,47.41,1.92,10,10.33,4.84,336.89,0.544,7.56,87.5,45.42,0,0.1,0,0.06,0.86,0,12.478,13.31,23.93,13.63,88.86,98.07,25.77,54.21,NORMAL,
2026-09-17T17:34:47.901329,V020,2018,98969.8,1102.72,19.96,92.34,1368.26,43.73,90.32,69.12,1.87,10,8.65,4.43,330.49,0.912,5.19,90.13,57.13,0,3.86,20.35,19.98,19.61,20.05,12.376,16.73,24.24,13.71,76.95,83.24,20.88,73.62,WARNING,engine
2026-09-17T17:34:47.900718,V012,2022,74668.93,4352.02,0,94.88,798.44,47.38,90.67,96.2,2.51,10,12.12,3.98,341.03,0.541,2.56,96.7,38.28,0,3.39,0,0,0,0,12.632,9.57,22.4,14.43,99.3,79.81,21.69,61.82,WARNING,brake
2026-09-17T17:34:47.900718,V017,2020,94326.13,2221.24,10.86,90.51,1110.21,41.66,94.15,76.19,2.01,10,8.38,4.87,331.68,0.905,6.43,74.8,48.01,0,0.23,10.5,10.5,10.22,11.7,12.722,6.91,31.51,13.6,88.03,88.29,23.35,46.81,NORMAL,
2026-09-17T17:34:52.912465,V001,2018,40877.21,7466.24,26.86,86.42,1550.37,41.7,86.32,89.01,2.95,20.93,17.42,6.75,363.28,0.674,5.36,97.12,35.32,0,3.12,27.17,27.36,26.26,26.45,12.502,9.48,29.71,13.7,89.23,90.18,20.09,71.71,NORMAL,
2026-09-17T17:34:52.912465,V004,2022,124608.81,5608.72,21.2,88.97,1409.04,43.63,91.03,97.33,2.36,14.75,19.49,4.13,360.33,0.393,4.73,89.34,56.12,0,3.19,20.57,21.15,21.55,20.44,12.485,8.82,25.55,14.34,87.04,91.26,23.2,64.08,NORMAL,
2026-09-17T17:34:52.912465,V003,2024,97178.04,3988.23,11.93,89.07,1132.74,46.22,86.7,86.44,2.33,10,11.22,3.78,340.51,0.211,3.01,93.13,59.52,0,2.32,12.06,11.55,12.18,11.84,12.583,18.9,29.79,14.28,89.32,80.06,32.57,69.99,NORMAL,
2026-09-17T17:34:52.912465,V002,2022,39222.9,1789.23,25.61,93.46,1553.28,45.78,87.88,84.42,3.09,19.62,15.2,7.82,344.82,0.252,6.53,90.01,37.52,0,1.29,25.11,25.91,25.72,24.63,12.796,6.21,21.15,13.63,89.96,84.35,27.16,78.91,NORMAL,
2026-09-17T17:34:52.912465,V006,2019,24258.28,7934.72,29.04,85.26,1768.3,49.36,90.48,83.44,2.62,13.6,13.01,7.03,322.06,0.809,7.44,92.48,57.39,0,0.51,28.32,28.59,28.62,29.41,12.587,7.79,32.53,13.97,93.01,86.79,26.44,58.95,NORMAL,
2026-09-17T17:34:52.912465,V008,2020,35108.91,2193.38,31.12,87.66,1755.65,43.26,92.62,67.6,3.17,21.95,18.9,5.67,366.5,0.994,5.9,82.86,46.76,0,4.23,31.17,31.11,31.05,31.95,12.665,11.35,34.51,14.39,72.57,97.36,21.9,79.2,WARNING,battery
2026-09-17T17:34:52.912465,V009,2021,36644.85,1138.73,11.69,88.12,1117.67,49.95,94.19,69.34,2.62,14.22,10.38,7.27,353.81,0.429,2.66,82.22,39.29,0,2.86,11.29,11.55,11.32,11.09,12.633,16.06,21.68,13.76,73.48,80.97,31.92,49.45,WARNING,battery
2026-09-17T17:34:52.912465,V010,2018,80379.26,3895.72,22.71,87.97,1438.9,36.34,87.37,86.31,2.81,12.19,13.93,4.52,338.93,0.404,5.66,85.72,37.07,0,1.2,23.29,22.22,23.22,23.32,12.359,8.23,21.32,13.93,79.14,86.99,33.66,70.2,NORMAL,
2026-09-17T17:34:52.912465,V012,2022,74668.93,4352.02,0,94.75,854.13,47.38,90.67,96.2,2.58,10,10.62,2.51,342.41,0.548,2.57,96.67,38.43,0,1.62,0.17,0,0,0,12.63,9.57,22.4,14.43,99.3,79.81,21.69,61.82,WARNING,brake
2026-09-17T17:34:52.912465,V005,2023,45471.55,7797.97,13.32,95.47,1169.77,48.2,87.74,71.52,2.05,10,11.29,5.31,328.82,0.412,4.37,94.49,53.81,0,0.62,12.39,13.96,13.49,14.25,12.674,10.12,24.35,14.46,98.45,86.81,33.61,55.28,NORMAL,
2026-09-17T17:34:52.912465,V007,2024,91529.81,7829.6,0.04,95.41,901.15,44.93,87.96,55.77,2.73,10,13.6,3.5,332.72,0.884,4.28,76.95,57.41,0,0.61,0.91,0.29,0,0.61,12.79,19.96,31.58,13.82,87.61,80.77,21.83,68.69,WARNING,engine
2026-09-17T17:34:52.912465,V011,2020,129758.95,5595.33,43.51,86.95,2145.39,38.55,88.98,89.65,3.16,18.75,15.96,7.78,369.02,0.587,4.19,84.46,32.26,0,2.61,43.24,43.92,44.03,43.24,12.51,6.33,26.34,14.11,84.83,97.25,30.99,53.43,NORMAL,
2026-09-17T17:34:52.912465,V016,2020,68608.13,7526.19,18.51,91.85,1418.93,48.62,93.23,54.2,1.92,10.06,5.34,4.47,344.77,0.729,3.3,79.74,37.36,0,0.45,18.23,19.2,18.39,19.19,12.466,12.13,26.94,14.34,84.64,81.22,26.34,73.82,NORMAL,
2026-09-17T17:34:52.913255,V019,2021,72556.91,6931.15,0,93.21,895.53,36.57,90.19,47.41,1.97,10,14.56,4.74,347.36,0.552,7.56,87.5,45.42,0,3.63,1.0,0.24,0.45,0,12.49,13.31,23.93,13.63,88.86,98.07,25.77,54.21,NORMAL,
2026-09-17T17:34:52.912465,V015,2018,131266.26,1488.17,16.12,87.61,1210.83,49.59,88.61,44.67,2.22,10.98,15.51,6.41,343.27,0.423,7.3,93.74,53.75,0,2.8,15.95,16.42,16.67,16.27,12.581,6.69,33.97,13.69,76.8,92.65,25.13,55.9,NORMAL,
2026-09-17T17:34:52.913255,V020,2018,98969.8,1102.72,17.17,92.4,1381.88,43.68,90.44,69.12,2.18,10,9.9,3.71,343.43,0.911,5.19,90.13,57.13,0,4.22,17.76,18.04,17.1,17.08,12.371,16.73,24.24,13.71,76.95,83.24,20.88,73.62,WARNING,engine
2026-09-17T17:34:52.912465,V013,2024,129930.04,1523.73,0,88.28,756.48,42.73,86.82,52.69,2.76,10,7.05,5.75,318.35,1.048,5.2,83.89,56.72,0,4.06,0.67,0,0.23,0,12.841,7.17,26.77,14.31,82.9,84.74,22.43,45.17,NORMAL,
2026-09-17T17:34:52.912465,V014,2018,46547.79,5709.49,18.95,93.26,1448.91,42.49,86.66,59.66,2.71,13.25,8.53,5.06,348.51,0.419,5.13,76.81,44.3,0,3.08,19.83,19.86,19.42,18.24,12.582,6.69,34.97,14.32,92.06,85.28,25.21,49.82,WARNING,brake
2026-09-17T17:34:52.912465,V017,2020,94326.13,2221.24,1.76,90.62,807.93,41.66,94.15,76.19,2.74,10,9.08,3.66,315.9,0.913,6.43,74.8,48.01,0,0.79,2.6,2.28,1.17,2.02,12.717,6.91,31.51,13.6,88.03,88.29,23.35,46.81,NORMAL,
2026-09-17T17:34:52.913255,V018,2024,141200.32,6911.62,9.98,85.66,1180.56,40.65,87.87,48.86,2.37,10,13.89,3.03,323.67,0.237,7.73,90.52,56.61,0,0.39,10.67,10.17,9.22,9.94,12.543,14.08,23.28,13.57,85.22,79.43,34.65,42.83,NORMAL,
2026-09-17T17:34:57.925343,V001,2018,40877.22,7466.24,19.99,86.14,1358.44,41.7,86.32,89.01,2.91,15.02,16.91,5.57,330.46,0.673,5.36,97.12,35.32,0,2.17,19.75,20.44,19.86,19.58,12.492,9.48,29.71,13.7,89.23,90.18,20.09,71.71,NORMAL,
2026-09-17T17:34:57.925343,V006,2019,24258.29,7934.72,36.53,85.41,1920.81,49.36,90.48,83.44,3.55,26.48,24.58,7.37,374.55,0.8,7.44,92.48,57.39,0,2.74,36.69,37.07,36.73,36.2,12.586,7.79,32.53,13.97,93.01,86.79,26.44,58.95,NORMAL,
2026-09-17T17:34:57.925343,V002,2022,39222.91,1789.23,34.06,93.38,1807.41,45.78,87.88,84.42,3.16,16.35,13.83,6.33,356.59,0.234,6.53,90.01,37.52,0,2.33,34.25,34.19,33.58,34.61,12.8,6.21,21.15,13.63,89.96,84.35,27.16,78.91,NORMAL,
2026-09-17T17:34:57.925343,V003,2024,97178.04,3988.23,5.45,88.9,872.28,46.22,86.7,86.44,2.27,10,12.87,4.52,337.83,0.215,3.01,93.13,59.52,0,3.58,5.71,6.18,5.17,5.84,12.601,18.9,29.79,14.28,89.32,80.06,32.57,69.99,NORMAL,
2026-09-17T17:34:57.925343,V004,2022,124608.82,5608.72,21.9,89.13,1542.1,43.63,91.03,97.33,2.13,13.65,9.12,3.77,346.55,0.388,4.73,89.34,56.12,0,1.88,21.77,21.62,22.89,21.67,12.477,8.82,25.55,14.34,87.04,91.26,23.2,64.08,NORMAL,
2026-09-17T17:34:57.925343,V005,2023,45471.55,7797.97,21.31,95.74,1359.69,48.2,87.74,71.52,2.61,15.08,12.97,5.79,364.91,0.429,4.37,94.49,53.81,0,1.28,21.49,21.89,20.31,21.78,12.66,10.12,24.35,14.46,98.45,86.81,33.61,55.28,NORMAL,
2026-09-17T17:34:57.925343,V007,2024,91529.81,7829.6,6.66,95.84,1024.03,44.88,88.08,55.77,2.48,10,8.72,5.75,321.4,0.877,4.28,76.95,57.41,0,3.53,7.55,6.36,5.66,6.8,12.781,19.96,31.58,13.82,87.61,80.77,21.83,68.69,WARNING,engine
2026-09-17T17:34:57.925343,V012,2022,74668.93,4352.03,0,94.77,749.41,47.38,90.67,96.2,2.32,10,7.85,6.01,325.57,0.545,2.58,96.64,38.58,0,1.24,0,0.76,0.73,0,12.635,9.57,22.4,14.43,99.3,79.81,21.69,61.82,WARNING,brake
2026-09-17T17:34:57.925343,V008,2020,35108.92,2193.38,24.97,87.59,1636.94,43.26,92.62,67.6,2.12,10,14.05,4.56,335.24,0.984,5.9,82.86,46.76,0,4.4,25.41,24.9,24.86,25.53,12.662,11.35,34.54,14.39,72.52,97.31,21.9,79.2,WARNING,battery
2026-09-17T17:34:57.925343,V009,2021,36644.86,1138.73,13.03,88.02,1249.72,49.95,94.19,69.34,3.24,17.6,17.9,6.37,359.91,0.444,2.66,82.22,39.29,0,3.4,12.42,12.42,13.78,12.68,12.649,16.06,21.71,13.76,73.43,80.92,31.92,49.45,WARNING,battery
2026-09-17T17:34:57.925343,V010,2018,80379.27,3895.72,24.71,87.68,1619.11,36.34,87.37,86.31,1.88,10,11.73,4.69,318.21,0.408,5.66,85.72,37.07,0,2.42,24.45,25.21,24.29,25.61,12.357,8.23,21.32,13.93,79.14,86.99,33.66,70.2,NORMAL,
2026-09-17T17:34:57.925343,V011,2020,129758.96,5595.34,51.55,86.91,2337.52,38.55,88.98,89.65,3.91,28.17,26.63,9.16,381.96,0.583,4.19,84.46,32.26,0,2.58,50.97,52.32,51.06,52.45,12.492,6.33,26.34,14.11,84.83,97.25,30.99,53.43,NORMAL,
2026-09-17T17:34:57.925343,V013,2024,129930.04,1523.73,0,88.08,703.31,42.73,86.82,52.69,2.66,10,8.25,5.42,348.44,1.067,5.2,83.89,56.72,0,4.62,0.89,0,0,0,12.832,7.17,26.77,14.31,82.9,84.74,22.43,45.17,NORMAL,
2026-09-17T17:34:57.925343,V015,2018,131266.26,1488.17,7.0,87.91,1090.17,49.59,88.61,44.67,2.95,13.26,13.67,6.49,351.48,0.403,7.3,93.74,53.75,0,0.07,7.0,6.18,7.79,7.97,12.592,6.69,33.97,13.69,76.8,92.65,25.13,55.9,NORMAL,
2026-09-17T17:34:57.925343,V018,2024,141200.33,6911.62,11.37,85.5,1136.51,40.65,87.87,48.86,2.69,14.44,9.63,5.78,330.24,0.219,7.73,90.52,56.61,0,4.16,11.49,10.92,10.66,10.73,12.531,14.08,23.28,13.57,85.22,79.43,34.65,42.83,NORMAL,
2026-09-17T17:34:57.925343,V020,2018,98969.81,1102.72,21.5,92.55,1540.02,43.63,90.56,69.12,2.29,10,11.7,4.5,318.92,0.919,5.19,90.13,57.13,0,1.67,20.76,21.49,20.91,22.04,12.379,16.73,24.24,13.71,76.95,83.24,20.88,73.62,WARNING,engine
2026-09-17T17:34:57.925343,V017,2020,94326.13,2221.24,1.51,90.51,936.25,41.66,94.15,76.19,1.94,10,6.52,3.24,344.23,0.917,6.43,74.8,48.01,0,2.43,0.56,1.79,1.72,1.04,12.719,6.91,31.51,13.6,88.03,88.29,23.35,46.81,NORMAL,
2026-09-17T17:34:57.925343,V019,2021,72556.91,6931.15,0,93.28,807.7,36.57,90.19,47.41,2.18,10,10.93,5.4,327.14,0.538,7.56,87.5,45.42,0,2.34,0,0,0.42,0.5,12.502,13.31,23.93,13.63,88.86,98.07,25.77,54.21,NORMAL,
2026-09-17T17:34:57.925343,V014,2018,46547.8,5709.49,18.01,93.04,1368.74,42.49,86.66,59.66,2.65,14.3,19.2,3.84,344.99,0.401,5.14,76.78,44.45,0,4.79,18.35,17.55,18.43,17.93,12.599,6.69,34.97,14.32,92.06,85.28,25.21,49.82,WARNING,brake
2026-09-17T17:34:57.925343,V016,2020,68608.13,7526.19,19.71,92.0,1457.61,48.62,93.23,54.2,2.14,10,14.21,3.29,330.52,0.739,3.3,79.74,37.36,0,4.88,18.95,20.38,20.26,19.96,12.482,12.13,26.94,14.34,84.64,81.22,26.34,73.82,NORMAL,
2026-09-17T17:35:02.939076,V001,2018,40877.22,7466.24,17.67,86.17,1255.01,41.7,86.32,89.01,1.91,10.27,7.77,4.31,330.84,0.66,5.36,97.12,35.32,0,3.09,16.75,16.75,16.82,17.8,12.506,9.48,29.71,13.7,89.23,90.18,20.09,71.71,NORMAL,
2026-09-17T17:35:02.939076,V003,2024,97178.04,3988.23,3.36,89.0,846.49,46.22,86.7,86.44,2.16,10,8.48,2.88,333.81,0.225,3.01,93.13,59.52,0,2.19,2.48,2.74,3.0,2.58,12.598,18.9,29.79,14.28,89.32,80.06,32.57,69.99,NORMAL,
2026-09-17T17:35:02.939076,V002,2022,39222.92,1789.23,34.11,93.09,1756.92,45.78,87.88,84.42,3.17,26.22,25.69,10.1,386.45,0.244,6.53,90.01,37.52,0,3.25,33.36,33.9,34.07,33.32,12.786,6.21,21.15,13.63,89.96,84.35,27.16,78.91,NORMAL,
2026-09-17T17:35:02.939076,V004,2022,124608.82,5608.72,30.95,88.97,1681.09,43.63,91.03,97.33,2.27,13.17,16.78,3.97,343.46,0.399,4.73,89.34,56.12,0,1.44,30.12,30.65,30.14,31.65,12.485,8.82,25.55,14.34,87.04,91.26,23.2,64.08,NORMAL,
2026-09-17T17:35:02.939076,V006,2019,24258.3,7934.72,39.3,85.18,1922.79,49.36,90.48,83.44,3.64,30.84,26.46,11.1,391.29,0.788,7.44,92.48,57.39,0,1.89,40.1,38.45,39.23,38.73,12.584,7.79,32.53,13.97,93.01,86.79,26.44,58.95,NORMAL,
2026-09-17T17:35:02.939076,V007,2024,91529.81,7829.6,12.88,96.04,1121.71,44.83,88.2,55.77,2.53,12.16,14.08,3.89,335.4,0.906,4.28,76.95,57.41,0,2.71,12.86,13.31,13.68,13.17,12.782,19.96,31.58,13.82,87.61,80.77,21.83,68.69,WARNING,engine
2026-09-17T17:35:02.939076,V008,2020,35108.93,2193.38,26.48,87.48,1643.43,43.26,92.62,67.6,2.52,17.52,20.59,5.58,344.19,0.996,5.9,82.86,46.76,0,3.74,27.39,27.21,25.79,26.57,12.644,11.35,34.57,14.39,72.47,97.26,21.9,79.2,WARNING,battery
2026-09-17T17:35:02.939076,V009,2021,36644.86,1138.73,17.09,88.32,1341.14,49.95,94.19,69.34,2.15,10,12.32,4.13,310.46,0.427,2.66,82.22,39.29,0,0.65,17.73,17.58,17.49,17.52,12.656,16.06,21.74,13.76,73.38,80.87,31.92,49.45,WARNING,battery
2026-09-17T17:35:02.939076,V011,2020,129758.97,5595.34,44.95,86.97,2075.17,38.55,88.98,89.65,3.12,25.19,26.82,6.63,364.4,0.581,4.19,84.46,32.26,0,0.53,44.47,45.82,45.62,45.74,12.473,6.33,26.34,14.11,84.83,97.25,30.99,53.43,NORMAL,
2026-09-17T17:35:02.939076,V017,2020,94326.13,2221.24,7.82,90.27,1094.51,41.66,94.15,76.19,2.55,14.41,14.04,7.26,347.35,0.902,6.43,74.8,48.01,0,0.15,7.44,7.85,6.83,8.48,12.703,6.91,31.51,13.6,88.03,88.29,23.35,46.81,NORMAL,
2026-09-17T17:35:02.939076,V020,2018,98969.82,1102.72,29.51,92.45,1698.44,43.58,90.68,69.12,3.66,24.06,25.96,8.86,367.85,0.944,5.19,90.13,57.13,0,4.43,28.52,30.35,29.08,29.88,12.371,16.73,24.24,13.71,76.95,83.24,20.88,73.62,WARNING,engine
2026-09-17T17:35:02.939076,V005,2023,45471.56,7797.97,30.84,95.96,1795.12,48.2,87.74,71.52,3.2,20.28,21.84,8.36,372.89,0.422,4.37,94.49,53.81,0,0.22,30.17,30.64,31.21,31.83,12.668,10.12,24.35,14.46,98.45,86.81,33.61,55.28,NORMAL,
2026-09-17T17:35:02.939076,V010,2018,80379.28,3895.72,27.73,87.68,1593.09,36.34,87.37,86.31,3.05,16.82,15.25,6.74,358.83,0.418,5.66,85.72,37.07,0,0.54,28.5,27.99,26.8,26.79,12.374,8.23,21.32,13.93,79.14,86.99,33.66,70.2,NORMAL,
2026-09-17T17:35:02.939076,V015,2018,131266.27,1488.18,16.37,87.63,1305.47,49.59,88.61,44.67,2.12,12.13,8.63,3.85,335.69,0.42,7.3,93.74,53.75,0,2.18,16.4,17.29,16.66,16.28,12.609,6.69,33.97,13.69,76.8,92.65,25.13,55.9,NORMAL,
2026-09-17T17:35:02.939076,V016,2020,68608.13,7526.19,13.64,91.91,1240.06,48.62,93.23,54.2,2.23,10,14.51,3.53,344.2,0.726,3.3,79.74,37.36,0,0.4,13.99,13.67,14.26,14.23,12.487,12.13,26.94,14.34,84.64,81.22,26.34,73.82,NORMAL,
2026-09-17T17:35:02.939076,V018,2024,141200.33,6911.62,5.17,85.53,1031.25,40.65,87.87,48.86,2.6,10,10.83,5.7,321.93,0.203,7.73,90.52,56.61,0,2.51,5.22,4.87,5.32,5.96,12.533,14.08,23.28,13.57,85.22,79.43,34.65,42.83,NORMAL,
2026-09-17T17:35:02.939076,V012,2022,74668.93,4352.03,0,94.86,788.72,47.38,90.67,96.2,1.85,10,7.87,5.83,343.57,0.551,2.59,96.61,38.73,0,1.81,0.38,0.68,0.73,0,12.652,9.57,22.4,14.43,99.3,79.81,21.69,61.82,WARNING,brake
2026-09-17T17:35:02.939076,V013,2024,129930.04,1523.74,4.22,88.13,907.03,42.73,86.82,52.69,2.46,10,11.89,4.55,319.08,1.086,5.2,83.89,56.72,0,4.42,4.44,4.18,4.84,3.31,12.816,7.17,26.77,14.31,82.9,84.74,22.43,45.17,NORMAL,
2026-09-17T17:35:02.939076,V014,2018,46547.8,5709.49,21.42,92.85,1529.51,42.49,86.66,59.66,2.42,10,9.81,3.02,334.52,0.419,5.15,76.75,44.6,0,1.95,21.7,21.19,20.69,20.69,12.598,6.69,34.97,14.32,92.06,85.28,25.21,49.82,WARNING,brake
2026-09-17T17:35:02.939076,V019,2021,72556.91,6931.15,0.22,93.09,780.23,36.57,90.19,47.41,2.36,10,9.06,4.67,326.5,0.549,7.56,87.5,45.42,0,4.41,0,0,1.01,1.19,12.501,13.31,23.93,13.63,88.86,98.07,25.77,54.21,NORMAL,
